"29","18","4","42","18","8","9.45","43","2","189","4","0","1"
"30","16","7","41","18","5","9.4","68","3","188","0","0","0"
"31","23","3","51","14","1","6.3","23","0","126","8","0","1"
"32","24","4","67","9","2","5.6","44","1","112","0","0","0"
"33","16","7","44","14","9","8.75","42","0","175","4","0","0"
"34","11","8","32","13","8","9.128205128205128","74","4","178","0","0","1"
"35","16","8","45","18","7","8.8","60","3","176","8","0","0"
"36","16","7","39","20","6","9.025210084033613","56","3","179","0","0","1"
"37","12","10","30","21","9","10.55","67","2","211","5","0","1"
"38","16","8","35","19","8","10.05","65","4","201","0","0","0"
"39","14","7","34","15","4","7.8","46","0","156","8","0","1"
"40","20","5","40","15","5","7.65","33","0","153","0","0","0"
"41","16","6","42","17","5","8.7","47","0","174","6","0","0"
"42","19","9","50","18","9","8.898305084745763","51","1","175","0","0","1"
"43","22","2","46","14","1","7.25","29","0","145","7","0","0"
"44","19","5","42","13","2","7.3","36","0","146","0","0","1"
"45","21","3","43","14","3","7.35","26","0","147","8","0","0"
"46","20","8","46","16","3","7.655172413793104","44","0","148","0","0","1"
"47","17","10","46","19","10","9.6","58","1","192","9","0","1"
"48","18","2","49","9","1","5.381443298969072","28","0","87","0","0","0"
"49","20","3","62","11","2","5.6","35","1","112","8","0","0"
"50","21","6","37","13","4","7.820224719101123","35","0","116","0","0","1"
"51","15","4","37","9","7","8.15","42","1","163","5","0","0"
"52","16","6","43","13","5","8.2","41","0","164","0","0","1"
"53","15","6","35","19","3","8.25","40","0","165","7","0","1"
"54","21","5","46","11","6","7.3","40","1","146","0","0","0"
"55","20","3","55","15","2","6.65","29","0","133","8","0","1"
"56","29","0","59","1","2","3.8241758241758244","14","0","58","0","0","0"
"57","9","3","28","5","7","8.666666666666666","67","5","104","7","0","0"
"58","9","6","9","6","3","11.6","52","2","58","0","0","1"
"59","28","2","66","7","4","5.135593220338983","21","1","101","10","0","0"
"60","22","5","36","11","4","7.89873417721519","37","1","104","0","0","1"
"61","10","7","34","16","6","8.95","68","3","179","5","0","1"
"62","17","7","48","9","1","5.673913043478261","46","0","87","0","0","0"
"63","17","7","46","15","4","7.9","46","1","158","6","0","1"
"64","16","3","26","3","6","8.464285714285714","60","5","79","0","0","0"
"65","13","8","39","10","12","9.2","62","3","184","6","0","1"
"66","19","4","48","17","4","8","31","0","160","0","0","0"
"67","14","7","35","16","8","9.45","59","3","189","5","0","1"
"68","8","7","31","15","5","9","61","1","180","0","0","0"
"69","20","7","45","11","5","7.5","54","3","150","6","0","0"
"70","23","2","51","10","5","7.5","38","3","150","0","0","0"
"71","19","7","46","17","5","8.4","49","1","168","9","0","0"
"72","8","2","23","10","7","9.105263157894736","44","0","173","0","0","1"
"73","16","7","39","13","7","8.4","55","2","168","9","0","1"
"74","18","5","42","10","7","7.8","50","2","156","0","0","0"
"75","16","3","45","9","5","7.45","45","1","149","7","0","0"
"76","14","2","35","10","4","7.758620689655173","43","2","150","0","0","1"
"77","23","6","50","12","3","6.95","38","0","139","6","0","1"
"78","23","5","52","10","0","5.6","32","0","112","0","0","0"
"79","15","8","45","16","6","8.25","62","2","165","6","0","0"
"80","14","8","37","13","7","8.666666666666666","69","4","169","0","0","1"
"81","20","4","42","11","10","9.35","61","4","187","6","0","1"
"82","19","5","40","8","2","6.195652173913043","47","2","95","0","0","0"
"83","19","6","44","14","3","7.15","42","1","143","7","0","0"
"84","26","5","47","11","7","7.945945945945946","33","1","147","0","0","1"
"85","21","6","43","12","2","6.95","45","1","139","6","0","0"
"86","19","7","43","12","3","7.2100840336134455","46","0","143","0","0","1"
"87","20","1","42","5","2","5.95","26","1","119","8","0","1"
"88","24","2","54","7","1","5.8","23","0","116","0","0","0"
"89","22","6","45","13","3","7.4","37","0","148","9","0","0"
"90","20","7","45","14","4","7.894736842105263","41","0","150","0","0","1"
"91","19","3","45","15","6","8.2","40","2","164","5","0","1"
"92","16","4","47","12","2","6.461538461538462","38","1","126","0","0","0"
"93","17","3","42","8","6","7.4","40","1","148","6","0","1"
"94","23","4","43","10","3","6.95","26","0","139","0","0","0"
"95","20","2","52","13","5","7.25","38","2","145","9","0","1"
"96","19","4","56","13","4","6.85","35","0","137","0","0","0"
"97","22","6","51","11","5","7.05","39","1","141","5","0","0"
"98","26","5","49","12","5","7.220338983050847","30","0","142","0","0","1"
"99","16","6","44","16","5","8.15","53","2","163","10","0","1"
"100","16","6","52","15","4","7.25","49","1","145","0","0","0"
"101","23","3","46","16","3","7.65","28","0","153","3","0","0"
"102","16","2","41","13","4","7.7","51","4","154","0","0","1"
"103","24","3","47","13","3","7.45","25","0","149","4","0","0"
"104","22","7","43","14","4","8.256880733944953","51","2","150","0","0","1"
"105","17","5","35","15","7","8.9","53","3","178","3","0","1"
"106","20","2","43","6","6","6.818181818181818","52","5","100","0","0","0"
"107","16","6","40","24","8","10.55","57","3","211","4","0","1"
"108","20","4","59","11","4","6.65","29","0","133","0","0","0"
"109","16","4","44","13","4","7.7","54","3","154","3","0","0"
"110","15","8","41","17","2","8.263157894736842","57","1","157","0","0","1"
"111","22","3","44","8","6","7.25","37","2","145","6","0","1"
"112","20","4","51","11","3","6.3","41","2","126","0","0","0"
"113","23","2","59","6","3","5.25","29","1","105","10","0","0"
"114","21","5","41","10","3","7.133333333333334","31","0","107","0","0","1"
"115","16","8","37","20","9","10.277777777777779","57","2","185","3","0","1"
"116","14","3","26","12","8","9.666666666666666","53","3","174","0","0","0"
"117","21","2","56","7","3","5.8","30","0","116","10","0","0"
"118","16","2","48","11","2","6.265486725663717","36","1","118","0","0","1"
"119","17","5","47","9","9","8.4","52","2","168","5","0","0"
"120","14","5","31","11","7","8.521008403361344","45","1","169","0","0","1"
"121","19","3","49","11","5","7","34","1","140","7","0","0"
"122","22","3","50","14","4","7.690909090909091","37","2","141","0","0","1"
"123","21","4","40","10","4","7.85","46","1","157","2","0","1"
"124","21","7","46","10","3","7.05","39","0","141","0","0","0"
"125","21","2","57","6","5","6.15","37","2","123","8","0","0"
"126","19","7","40","14","1","7.281553398058252","47","1","125","0","0","1"
"127","18","3","36","8","8","8.3","42","2","166","7","0","1"
"128","25","5","51","10","1","5.794871794871795","30","0","113","0","0","0"
"129","22","6","40","17","5","8.65","38","1","173","4","0","0"
"130","18","6","42","15","6","9.10344827586207","46","1","176","0","0","1"
"131","21","5","64","10","3","5.95","51","3","119","9","0","0"
"132","21","4","47","12","4","7.469387755102042","42","2","122","0","0","1"
"133","18","7","45","16","6","8.65","56","2","173","7","0","1"
"134","17","6","44","13","7","8.186440677966102","50","2","161","0","0","0"
"135","15","8","48","12","3","6.5593220338983045","52","1","129","10","0","0"
"136","21","5","51","12","4","6.711864406779661","33","0","132","0","0","1"
"137","16","6","48","16","3","7.25","42","0","145","7","0","1"
"138","19","2","44","10","2","7.2100840336134455","26","0","143","0","0","0"
"139","20","5","53","7","1","6","38","0","120","9","0","0"
"140","24","5","63","12","4","6.4173913043478255","37","1","123","0","0","1"
"141","19","6","43","9","6","7.35","49","2","147","5","0","0"
"142","25","4","45","13","4","7.810344827586207","35","2","151","0","0","1"
"143","21","2","45","10","6","8","31","1","160","5","0","0"
"144","20","7","43","13","6","8.3","50","2","166","0","0","1"
"145","21","3","48","10","3","6.7","39","2","134","7","0","1"
"146","21","8","62","11","4","6.65","46","1","133","0","0","0"
"147","20","4","37","11","1","7.5","35","0","150","3","0","1"
"148","23","2","52","13","1","6.8","24","0","136","0","0","0"
"149","14","9","35","17","6","9.4","54","0","188","3","0","0"
"150","19","8","41","17","8","9.45","56","2","189","0","0","1"
"151","19","4","36","8","1","6.7","37","1","134","7","0","0"
"152","23","3","41","8","5","7.105263157894737","27","1","135","0","0","1"
"153","23","5","65","7","3","5.05","46","3","101","9","0","0"
"154","25","5","62","9","2","5.230769230769231","29","0","102","0","0","1"
"155","15","8","53","11","2","5.8","50","1","116","9","0","1"
"156","21","2","60","5","1","4.6","29","1","92","0","0","0"
"157","24","4","45","19","2","8.25","30","0","165","8","0","0"
"158","9","9","36","17","6","9.485714285714286","60","1","166","0","0","1"
"159","21","4","45","13","7","8.5","33","0","170","4","0","1"
"160","14","6","37","11","5","7.9","64","4","158","0","0","0"
"161","21","7","46","14","4","7.65","49","1","153","8","0","0"
"162","12","7","41","13","6","8.716981132075471","84","5","154","0","0","1"
"163","13","9","40","11","4","7.3","52","0","146","5","0","0"
"164","16","11","46","16","3","7.842105263157895","59","0","149","0","0","1"
"165","21","3","47","9","4","7.15","31","0","143","6","0","1"
"166","21","3","53","11","5","6.85","36","2","137","0","0","0"
"167","23","4","50","12","8","8.05","38","2","161","4","0","1"
"168","11","5","45","12","4","7.5","62","3","150","0","0","0"
"169","15","9","33","23","6","10.6","69","2","212","7","0","1"
"170","17","6","35","18","11","10.4","39","0","208","0","0","0"
"171","20","3","52","15","2","7.1","44","2","142","9","0","0"
"172","19","6","44","17","1","7.3613445378151265","39","0","146","0","0","1"
"173","26","4","44","13","2","6.75","24","0","135","7","0","0"
"174","13","8","50","14","3","7.03448275862069","61","2","136","0","0","1"
"175","16","6","42","18","8","9.5","57","3","190","4","0","1"
"176","22","1","44","7","10","7.95","34","3","159","0","0","0"
"177","20","8","54","14","4","7.05","47","1","141","6","0","0"
"178","13","7","34","12","5","8.271844660194175","60","2","142","0","0","1"
"179","18","5","36","19","7","10.15","50","2","203","3","0","0"
"180","16","6","36","15","13","10.736842105263158","61","3","204","0","0","1"
"181","20","5","40","16","4","8.2","31","0","164","3","0","1"
"182","20","9","57","14","0","5.637931034482759","45","0","109","0","0","0"
"183","11","10","30","19","9","10.9","67","1","218","7","0","1"
"184","9","9","42","14","2","7.2727272727272725","56","0","120","0","0","0"
"185","18","2","64","5","2","4.638655462184874","31","0","92","10","0","0"
"186","15","11","27","14","1","8.454545454545455","59","0","93","0","0","1"
"187","18","8","34","20","5","9.25","52","1","185","6","0","0"
"188","17","10","41","17","11","9.91304347826087","56","1","190","0","0","1"
"189","12","6","35","13","7","8.5","56","2","170","8","0","1"
"190","26","5","50","20","5","8.2","27","0","164","0","0","0"
"191","13","10","34","20","2","8.4","56","0","168","7","0","1"
"192","19","7","42","12","2","6.7","38","0","134","0","0","0"
"193","18","7","48","17","2","7.55","45","0","151","9","0","0"
"194","13","8","39","15","5","8.08695652173913","55","1","155","0","0","1"
"195","19","6","46","15","9","8.55","47","2","171","6","0","1"
"196","17","6","38","13","6","8.05","48","2","161","0","0","0"
"197","19","6","50","14","3","6.8","38","0","136","8","0","0"
"198","19","5","50","9","5","6.8","42","1","136","0","0","0"
"199","22","8","38","16","2","7.75","41","0","155","3","0","0"
"200","16","11","37","21","1","8.432432432432432","57","0","156","0","0","1"
"201","19","6","46","15","8","8.55","38","0","171","5","0","1"
"202","22","3","54","15","3","6.75","29","0","135","0","0","0"
"203","15","9","35","21","3","9.15","53","0","183","5","0","1"
"204","10","11","38","13","4","7.930434782608695","76","2","152","0","0","0"
"205","16","6","30","18","3","9","51","1","180","2","0","0"
"206","13","5","35","15","6","9.526315789473685","63","2","181","0","0","1"
"207","13","6","40","8","6","7.4","55","2","148","9","0","0"
"208","15","9","35","12","9","9.638297872340425","54","1","151","0","0","1"
"209","21","9","40","22","3","9.15","50","0","183","5","0","1"
"210","19","5","45","13","3","7.2","42","1","144","0","0","0"
"211","11","7","31","15","5","9.15","64","2","183","4","0","1"
"212","12","5","31","17","3","8.3","46","0","166","0","0","0"
"213","15","6","36","15","7","8.85","58","3","177","8","0","1"
"214","13","5","36","11","6","8","58","3","160","0","0","0"
"215","20","8","50","23","3","8.6","52","1","172","7","0","1"
"216","19","5","47","10","6","7.415094339622641","50","3","131","0","0","0"
"217","14","9","34","15","6","8.85","62","2","177","4","0","1"
"218","21","3","44","11","3","6.85","36","2","137","0","0","0"
"219","18","7","37","16","1","8.15","48","0","163","10","0","0"
"220","17","6","40","14","4","8.338983050847457","45","0","164","0","0","1"
"221","15","6","41","16","5","8.05","52","2","161","4","0","0"
"222","12","3","35","9","7","8.526315789473685","56","4","162","0","0","1"
"223","17","6","33","17","6","9.4","52","2","188","6","0","1"
"224","19","5","52","9","6","6.849056603773584","39","1","121","0","0","0"
"225","18","7","43","17","7","9.05","46","0","181","6","0","1"
"226","15","10","41","18","2","7.85","59","1","157","0","0","0"
"227","19","8","36","20","3","9.05","41","0","181","5","0","0"
"228","12","7","25","17","4","9.517241379310345","51","0","184","0","0","1"
"229","13","9","33","19","17","12.3","66","3","246","5","0","1"
"230","14","9","36","21","13","11.15","62","2","223","0","0","0"
"231","10","6","35","16","5","8.9","53","0","178","5","0","1"
"232","17","4","43","8","1","6.272727272727273","40","1","115","0","0","0"
"233","17","8","36","16","10","10","53","1","200","3","0","0"
"234","5","9","18","21","8","11.127272727272729","69","2","204","0","0","1"
"235","18","8","45","14","11","9.2","54","2","184","5","0","1"
"236","18","3","40","8","6","7.35","38","1","147","0","0","0"
"237","19","4","45","15","4","8.016806722689076","48","3","159","10","0","1"
"238","20","5","49","15","5","7.85","52","3","157","0","0","0"
"239","19","4","35","14","2","8.25","42","1","165","4","0","1"
"240","14","7","47","10","3","7.05","46","0","141","0","0","0"
"241","15","7","39","13","4","7.65","52","1","153","6","0","0"
"242","13","12","30","20","5","10.466666666666667","70","1","157","0","0","1"
"243","18","9","38","17","6","9.05","50","0","181","3","0","1"
"244","15","4","35","16","4","8.35","44","2","167","0","0","0"
"245","20","4","46","15","8","9.2","46","2","184","6","0","0"
"246","20","5","34","17","8","9.620689655172415","32","0","186","0","0","1"
"247","12","8","33","15","2","7.7","51","0","154","9","0","0"
"248","15","10","42","20","3","8.172413793103448","56","1","158","0","0","1"
"249","13","7","41","9","3","6.9","55","1","138","8","0","0"
"250","20","3","50","8","6","7.189655172413794","37","1","139","0","0","1"
"251","14","7","52","13","8","8","61","3","160","9","0","0"
"252","12","6","31","13","7","9.436893203883495","48","0","162","0","0","1"
"253","22","6","58","8","0","5.596638655462185","45","0","111","10","0","0"
"254","14","4","45","11","2","6","39","1","112","0","0","1"
"255","17","8","38","20","3","8.7","47","0","174","5","0","1"
"256","21","3","46","7","5","6.85","34","1","137","0","0","0"
"257","20","3","46","11","5","7.55","35","1","151","6","0","1"
"258","20","5","44","9","3","6.957983193277311","38","0","138","0","0","0"
"259","17","6","35","15","7","9.15","44","0","183","4","0","1"
"260","8","11","30","11","2","7.2","69","1","144","0","0","0"
"261","27","2","56","10","5","6.95","22","1","139","8","0","0"
"262","14","10","27","15","5","10.592592592592593","67","0","143","0","0","1"
"263","22","4","56","14","1","6.5","30","0","130","6","0","0"
"264","19","12","43","18","4","8.425531914893618","59","1","132","0","0","1"
"265","22","5","62","10","1","5.6","39","0","112","9","0","0"
"266","17","3","49","9","0","6.053571428571428","33","0","113","0","0","1"
"267","20","8","48","23","4","8.7","43","0","174","3","0","0"
"268","20","7","39","18","7","9.28695652173913","45","1","178","0","0","1"
"269","18","4","40","14","10","9.55","34","0","191","4","0","1"
"270","17","2","39","10","3","6.7","34","1","134","0","0","0"
"271","17","7","48","14","2","6.6","46","1","132","9","0","0"
"272","22","8","40","17","3","8.22680412371134","42","0","133","0","0","1"
"273","18","6","36","19","8","9.6","49","2","192","3","0","0"
"274","18","8","36","22","7","9.915254237288135","49","1","195","0","0","1"
"275","16","4","47","12","6","7.25","38","1","145","7","0","1"
"276","18","7","46","10","4","6.7","39","0","134","0","0","0"
"277","15","4","44","12","2","6.65","42","1","133","8","0","0"
"278","20","5","42","13","3","7.714285714285714","44","2","135","0","0","1"
"279","18","8","40","14","7","9.2","54","0","184","5","0","1"
"280","18","7","43","12","3","7.45","44","0","149","0","0","0"
"281","20","4","44","12","4","7.1","39","1","142","7","0","1"
"282","25","2","64","9","2","5.379310344827586","23","1","104","0","0","0"
"283","24","4","68","8","2","4.4324324324324325","27","0","82","10","0","0"
"284","20","5","37","9","2","6.216867469879518","33","0","86","0","0","1"
"285","19","2","44","11","8","8.4","40","3","168","5","0","1"
"286","20","5","48","13","5","7.3","33","0","146","0","0","0"
"287","17","8","35","14","4","7.65","45","0","153","4","0","1"
"288","13","7","40","14","3","7.55","52","0","151","0","0","0"
"289","19","6","50","11","5","6.85","44","1","137","8","0","0"
"290","24","5","45","15","3","7.486725663716815","31","0","141","0","0","1"
"291","13","5","39","13","4","8.05","61","3","161","5","0","0"
"292","16","6","41","13","7","8.601769911504425","48","1","162","0","0","1"
"293","22","4","55","9","2","5.377358490566038","38","2","95","10","0","0"
"294","16","2","43","8","1","5.823529411764706","31","0","99","0","0","1"
"295","24","7","64","13","1","5.6","36","0","112","8","0","0"
"296","20","6","36","14","4","8.475","44","1","113","0","0","1"
"297","14","8","45","21","3","8.15","46","0","163","4","0","1"
"298","20","4","40","13","5","7.7","30","0","154","0","0","0"
"299","24","3","56","14","6","7.55","30","1","151","6","0","0"
"300","18","10","44","15","6","8.216216216216216","57","1","152","0","0","1"
"301","19","2","40","13","3","7","24","0","140","4","0","0"
"302","21","4","40","18","2","7.72972972972973","40","2","143","0","0","1"
"303","23","2","38","18","6","9.4","31","1","188","4","0","0"
"304","9","10","26","25","4","10.069565217391304","65","1","193","0","0","1"
"305","21","7","53","12","5","7.4","37","0","148","8","0","0"
"306","18","6","45","12","5","8.017699115044248","44","0","151","0","0","1"
"307","18","6","39","17","6","8.75","41","0","175","5","0","1"
"308","22","3","49","12","3","7.1","28","0","142","0","0","0"
"309","22","4","39","10","5","7.95","31","0","159","4","0","0"
"310","14","8","33","17","3","8.64864864864865","62","2","160","0","0","1"
"311","16","7","38","17","7","9.1","44","0","182","2","0","0"
"312","16","9","38","23","4","9.68421052631579","50","0","184","0","0","1"
"313","15","6","32","20","5","9.15","45","1","183","5","0","1"
"314","21","4","40","13","5","8.1","33","1","162","0","0","0"
"315","14","8","34","17","2","8.25","48","0","165","8","0","0"
"316","15","8","40","15","8","9.39622641509434","62","2","166","0","0","1"
"317","16","6","46","12","11","9.35","63","3","187","5","0","0"
"318","14","9","39","16","9","9.827586206896552","67","2","190","0","0","1"
"319","18","5","41","6","1","5.282608695652174","36","0","81","10","0","0"
"320","19","1","38","6","1","6.071428571428571","26","0","85","0","0","1"
"321","20","8","39","15","3","7.705882352941177","42","0","131","4","0","0"
"322","20","6","35","12","7","9","49","3","135","0","0","1"
"323","17","7","37","20","3","8.4","43","0","168","4","0","1"
"324","21","7","47","13","5","7.6","38","0","152","0","0","0"
"325","22","5","51","14","2","6.807692307692308","33","0","118","10","0","0"
"326","18","3","44","10","1","6.2","32","0","124","0","0","1"
"327","18","7","52","11","5","6.6","45","1","132","7","0","1"
"328","16","3","48","9","3","6.3","37","1","126","0","0","0"
"329","15","9","42","19","7","9.75","77","3","195","7","0","1"
"330","15","7","44","16","2","7.35","45","0","147","0","0","0"
"331","22","5","49","14","7","8.2","40","1","164","4","0","1"
"332","18","6","46","15","4","7.8","44","1","156","0","0","0"
"333","17","5","39","15","4","8.55","50","1","171","5","0","0"
"334","12","9","38","19","8","9.633027522935778","57","1","175","0","0","1"
"335","13","9","32","20","12","11.55","70","2","231","4","0","1"
"336","27","5","46","20","11","10.1","46","3","202","0","0","0"
"337","13","9","38","18","5","8.6","57","1","172","4","0","1"
"338","16","6","47","15","1","6.75","41","0","135","0","0","0"
"339","19","4","50","9","0","5.45","32","0","109","10","0","0"
"340","16","5","33","12","3","7.835294117647059","38","0","111","0","0","1"
"341","16","5","44","10","4","7.1","45","1","142","6","0","1"
"342","19","4","50","6","2","5.85","40","1","117","0","0","0"
"343","15","5","43","13","5","8","42","0","160","6","0","0"
"344","14","9","44","18","5","8.256410256410257","65","2","161","0","0","1"
"345","20","6","56","11","6","7.05","37","0","141","6","0","0"
"346","20","2","39","9","5","7.435897435897436","28","0","145","0","0","1"
"347","26","1","52","13","1","6.45","20","0","129","7","0","1"
"348","25","5","58","9","0","4.484848484848484","29","0","74","0","0","0"
"349","17","7","44","12","4","7.4","42","0","148","7","0","1"
"350","17","5","53","9","5","6.55","41","1","131","0","0","0"
"351","19","2","57","4","2","4.7","31","1","94","8","0","0"
"352","26","2","60","7","2","5.229357798165137","18","0","95","0","0","1"
"353","16","5","40","13","10","9.05","57","4","181","5","0","1"
"354","13","3","41","11","6","7.75","42","1","155","0","0","0"
"355","21","4","53","13","7","7.85","34","0","157","7","0","1"
"356","19","5","46","9","3","6.318584070796461","37","0","119","0","0","0"
"357","20","5","55","11","1","5.95","40","1","119","6","0","0"
"358","17","8","43","13","1","6.923076923076923","45","0","120","0","0","1"
"359","16","9","44","15","2","7.15","49","0","143","7","0","0"
"360","18","3","45","10","6","7.384615384615385","34","1","144","0","0","1"
"361","17","4","40","14","6","8.25","34","0","165","5","0","1"
"362","11","5","45","10","5","7.3","64","4","146","0","0","0"
"363","19","4","40","17","4","7.95","35","1","159","5","0","1"
"364","21","3","38","13","2","6.8","24","0","136","0","0","0"
"365","21","5","47","16","2","7","42","2","140","6","0","0"
"366","17","8","35","17","2","9.4","67","1","141","0","0","1"
"367","20","5","40","13","6","8.45","41","1","169","4","0","1"
"368","17","5","35","13","1","7.45","41","0","149","0","0","0"
"369","15","8","44","19","0","7.35","47","0","147","6","0","0"
"370","14","3","31","12","2","7.982142857142857","43","0","149","0","0","1"
"371","15","8","46","15","6","8","49","0","160","7","0","1"
"372","23","5","55","9","7","6.95","31","0","139","0","0","0"
"373","19","5","39","13","4","7.8","35","0","156","5","0","1"
"374","14","6","48","15","2","6.95","43","0","139","0","0","0"
"375","17","8","37","18","4","8.75","43","0","175","5","0","0"
"376","23","3","40","17","7","9.421052631578947","29","0","179","0","0","1"
"377","21","7","45","23","11","10.25","48","2","205","6","0","1"
"378","16","5","47","11","1","6","38","0","120","0","0","0"
"379","24","0","46","6","2","5.7","15","0","114","4","0","1"
"380","20","4","26","7","0","6.1","33","0","61","0","0","0"
"381","21","11","41","21","5","8.9","50","0","178","4","0","1"
"382","22","2","52","19","1","7.3","23","0","146","0","0","0"
"383","14","7","51","12","0","6.25","49","0","125","9","0","0"
"384","15","7","33","14","5","9.721518987341772","79","5","128","0","0","1"
"385","18","5","50","12","1","5.95","34","0","119","8","0","0"
"386","22","8","49","15","2","6.990291262135922","40","0","120","0","0","1"
"387","10","8","32","19","6","9.8","55","0","196","3","0","1"
"388","13","6","44","11","1","6.82051282051282","48","0","133","0","0","0"
"389","12","5","34","11","2","6.8","50","2","136","8","0","0"
"390","19","8","56","17","5","7.4727272727272736","52","2","137","0","0","1"
"391","19","6","44","18","3","8.15","39","0","163","8","0","1"
"392","22","6","38","10","2","6.6923076923076925","33","0","87","0","0","0"
"393","20","6","46","12","3","7.3","43","1","146","6","0","0"
"394","13","12","35","18","5","8.882352941176471","66","1","151","0","0","1"
"395","20","3","39","15","8","8.8","42","3","176","4","0","1"
"396","17","7","46","12","6","7.9","52","2","158","0","0","0"
"397","14","7","41","12","7","8.9","62","1","178","7","0","0"
"398","19","6","43","17","10","9.610619469026549","49","2","181","0","0","1"
"399","19","4","35","8","3","6.846153846153846","33","0","89","4","0","0"
"400","13","9","31","13","2","8.289473684210527","65","2","105","0","0","1"
"401","18","1","41","9","4","6.75","32","2","135","6","0","1"
"402","23","3","60","10","4","6.25","26","0","125","0","0","0"
"403","20","8","52","20","6","8.5","43","0","170","6","0","1"
"404","23","2","62","13","6","7.05","42","3","141","0","0","0"
"405","23","4","68","9","4","5.243243243243243","32","1","97","10","0","0"
"406","14","8","18","10","7","13.363636363636363","87","7","98","0","0","1"
"407","21","5","60","10","7","6.8","39","1","136","9","0","0"
"408","14","5","46","10","4","7.137931034482759","57","2","138","0","0","1"
"409","24","3","39","19","15","11.6","30","1","232","2","0","1"
"410","23","5","51","13","4","7.117647058823529","34","0","121","0","0","0"
"411","18","4","38","10","6","7.6","41","2","152","5","0","1"
"412","13","4","40","10","3","7.05","40","0","141","0","0","0"
"413","21","4","54","10","1","5.9","29","0","118","7","0","0"
"414","19","4","44","12","2","7.14","44","1","119","0","0","1"
"415","20","3","44","13","1","6.65","26","0","133","5","0","0"
"416","16","5","26","15","6","10.177215189873419","52","3","134","0","0","1"
"417","12","9","26","20","4","9.9","58","0","198","2","0","1"
"418","22","8","62","12","4","6.105263157894737","45","1","116","0","0","0"
"419","20","2","29","3","2","5.508196721311475","33","2","56","3","0","0"
"420","20","2","29","3","2","5.508196721311475","33","2","56","0","0","0"
"421","26","3","61","8","7","6.4","23","0","128","8","0","0"
"422","18","5","48","10","6","7.166666666666667","44","2","129","0","0","1"
"423","17","5","35","16","7","8.75","46","2","175","7","0","0"
"424","15","10","37","21","3","8.9","54","0","178","0","0","1"
"425","18","6","40","14","7","8.75","44","1","175","4","0","0"
"426","26","4","45","14","10","9","25","0","177","0","0","1"
"427","23","3","45","15","3","7.35","25","0","147","7","0","0"
"428","11","11","47","18","3","7.655172413793104","62","0","148","0","0","1"
"429","17","10","36","13","7","9.25","68","2","185","4","0","1"
"430","15","8","47","13","4","7.1","52","1","142","0","0","0"
"431","10","0","30","7","13","10.25","56","4","205","5","0","1"
"432","12","6","42","11","4","7.35","47","0","147","0","0","0"
"433","14","2","46","7","1","5.647058823529412","42","1","112","10","0","0"
"434","16","7","43","9","5","6.831683168316832","53","2","115","0","0","1"
"435","17","6","27","7","5","8.083333333333334","46","1","97","9","0","0"
"436","11","5","17","8","4","8.955223880597016","48","1","100","0","0","1"
"437","19","4","45","12","1","6.45","30","0","129","9","0","1"
"438","24","2","61","8","2","5.05","27","1","101","0","0","0"
"439","11","9","35","24","3","9.55","57","0","191","4","0","1"
"440","15","4","36","13","4","8","45","1","160","0","0","0"
"441","18","5","42","14","5","7.85","46","2","157","8","0","1"
"442","18","7","45","13","2","6.85","46","1","137","0","0","0"
"443","17","4","38","10","12","9.65","44","2","193","6","0","1"
"444","16","7","43","11","4","6.932038834951456","45","0","119","0","0","0"
"445","20","3","42","13","6","8.2","37","2","164","5","0","1"
"446","18","0","47","10","5","7.1","27","1","142","0","0","0"
"447","16","4","42","9","8","8.3","38","0","166","6","0","1"
"448","23","2","45","12","4","7.2","19","0","144","0","0","0"
"449","18","2","48","6","8","6.9","45","4","138","9","0","0"
"450","22","3","46","8","8","7.1","29","1","142","0","0","1"
"451","15","9","43","15","6","8.25","60","2","165","8","0","1"
"452","27","2","49","8","3","6.15","20","1","123","0","0","0"
"453","22","4","58","7","3","5.5","41","2","110","8","0","0"
"454","14","7","25","11","3","8.325","50","1","111","0","0","1"
"455","14","5","33","14","12","9.85","54","3","197","6","0","1"
"456","17","2","48","12","10","8.64406779661017","44","3","170","0","0","0"
"457","15","5","38","14","12","10.25","56","3","205","8","0","0"
"458","13","6","33","14","11","10.4","52","2","208","0","0","1"
"459","22","4","54","11","2","6.052631578947368","29","0","115","10","0","0"
"460","20","7","48","14","1","6.566037735849056","38","0","116","0","0","1"
"461","16","8","52","13","2","6.55","45","0","131","5","0","0"
"462","17","5","46","12","3","7.086206896551724","36","0","137","0","0","1"
"463","13","6","39","15","3","7.85","50","1","157","8","0","0"
"464","19","5","45","12","9","8.452173913043477","34","0","162","0","0","1"
"465","17","4","36","13","4","7.75","43","2","155","5","0","0"
"466","10","6","34","12","5","8.068965517241379","56","1","156","0","0","1"
"467","17","2","45","7","5","6.7","26","0","134","9","0","1"
"468","14","5","40","11","2","6.6","48","1","132","0","0","0"
"469","19","5","39","20","10","9.75","43","2","195","2","0","1"
"470","20","5","50","10","5","6.857142857142858","54","4","136","0","0","0"
"471","23","3","65","10","1","4.758620689655173","23","0","92","10","0","0"
"472","21","5","40","8","1","6.2","41","1","93","0","0","1"
"473","12","8","35","18","7","9.8","57","0","196","2","0","0"
"474","13","10","29","22","6","10.016949152542372","62","1","197","0","0","1"
"475","12","7","30","15","7","9.1","58","2","182","6","0","0"
"476","19","2","38","8","14","9.3","42","3","186","0","0","1"
"477","11","5","39","9","1","6.2","45","0","124","7","0","0"
"478","14","7","36","12","3","7.696969696969697","53","1","127","0","0","1"
"479","24","7","42","23","7","9.35","33","0","187","4","0","0"
"480","17","8","33","14","12","11.579999999999998","64","3","193","0","0","1"
"481","18","5","41","15","5","8.2","42","1","164","5","0","1"
"482","19","8","41","11","2","7.55","53","1","151","0","0","0"
"483","18","6","33","13","3","8.15","41","0","163","6","0","0"
"484","21","5","40","16","4","8.512820512820513","36","0","166","0","0","1"
"485","20","6","55","12","5","7.3","41","1","146","4","0","0"
"486","15","7","32","12","2","7.35","45","0","147","0","0","1"
"487","16","5","38","18","7","9.6","52","2","192","3","0","1"
"488","17","3","37","12","9","8.6","49","4","172","0","0","0"
"489","17","6","38","16","4","8.504347826086956","39","0","163","6","0","0"
"490","14","8","35","15","4","8.41025641025641","48","0","164","0","0","1"
"491","15","4","41","9","2","6.3","39","1","126","7","0","0"
"492","19","7","45","12","1","6.626086956521739","42","0","127","0","0","1"
"493","16","5","40","17","6","9.45","37","0","189","3","0","1"
"494","13","6","46","15","1","7.15","48","0","143","0","0","0"
"495","20","2","40","14","3","7.3","28","1","146","2","0","0"
"496","12","8","25","15","5","9.25","61","2","148","0","0","1"
"497","16","7","43","12","7","8.4","44","0","168","3","0","0"
"498","12","4","34","13","6","8.6218487394958","40","0","171","0","0","1"
"499","13","5","30","12","8","8.85","50","2","177","4","0","1"
"500","17","4","44","9","8","7.95","44","2","159","0","0","0"
"501","14","8","39","22","9","10.35","54","1","207","5","0","1"
"502","19","7","40","17","6","8.5","49","2","170","0","0","0"
"503","19","5","43","14","4","7.8","43","1","156","8","0","1"
"504","18","6","45","11","5","7.45","48","2","149","0","0","0"
"505","17","7","40","18","9","9.5","46","0","190","4","0","1"
"506","21","4","54","12","7","7.15","35","1","143","0","0","0"
"507","17","5","43","13","5","7.6","42","1","152","6","0","1"
"508","19","7","37","17","1","7.55","40","0","151","0","0","0"
"509","17","3","58","8","2","5.357142857142857","38","1","100","10","0","0"
"510","22","3","54","7","1","5.50909090909091","31","0","101","0","0","1"
"511","18","3","38","8","2","6.95","43","2","139","5","0","0"
"512","19","3","35","10","2","7.11864406779661","37","1","140","0","0","1"
"513","18","4","30","17","5","9.3","33","0","186","4","0","1"
"514","17","9","40","15","5","8.65","48","0","173","0","0","0"
"515","12","10","41","16","1","7.05","56","0","141","6","0","0"
"516","13","12","30","19","3","9.391304347826086","61","0","144","0","0","1"
"517","20","4","44","11","8","7.9","33","1","158","5","0","0"
"518","14","7","41","14","6","8.218487394957984","53","1","163","0","0","1"
"519","19","6","50","10","2","6","42","1","120","9","0","1"
"520","21","5","55","12","1","5.95","37","1","119","0","0","0"
"521","15","6","36","9","4","8","56","2","160","6","0","1"
"522","12","6","37","14","3","7.5","47","0","150","0","0","0"
"523","12","6","43","10","4","7.5","68","3","150","5","0","1"
"524","12","5","43","12","4","7.15","45","0","143","0","0","0"
"525","11","10","42","18","6","8.85","64","1","177","6","0","1"
"526","20","3","53","13","3","6.7","33","1","134","0","0","0"
"527","16","4","42","13","8","8.65","52","3","173","8","0","0"
"528","19","7","42","21","5","8.7","46","1","174","0","0","1"
"529","15","6","39","15","9","9.05","46","1","181","2","0","0"
"530","14","6","37","17","9","9.823008849557523","46","1","185","0","0","1"
"531","15","5","45","13","4","7.65","50","2","153","9","0","0"
"532","13","8","35","15","1","8.176991150442479","60","1","154","0","0","1"
"533","15","2","38","5","2","6.25","35","0","125","6","0","0"
"534","17","6","35","13","4","7.714285714285714","49","2","126","0","0","1"
"535","13","6","41","17","5","8.5","51","1","170","5","0","1"
"536","16","2","44","11","4","7.25","40","1","145","0","0","0"
"537","25","4","48","13","3","7.05","25","0","141","6","0","0"
"538","21","5","41","9","7","7.888888888888889","35","1","142","0","0","1"
"539","24","5","54","13","2","6.3","28","0","126","6","0","0"
"540","24","6","56","11","5","6.864864864864865","36","0","127","0","0","1"
"541","14","3","44","13","9","8.65","66","6","173","3","0","1"
"542","15","8","45","14","2","6.9","50","0","138","0","0","0"
"543","20","7","39","19","7","9.1","49","2","182","1","0","1"
"544","17","4","35","14","4","7.75","32","0","155","0","0","0"
"545","22","3","48","4","3","5.7","27","0","114","5","0","0"
"546","20","6","42","11","4","7.5","45","1","115","0","0","1"
"547","19","7","42","18","4","8.5","45","1","170","4","0","1"
"548","20","5","43","12","0","6.25","33","0","125","0","0","0"
"549","13","4","29","15","6","9.5","47","1","190","4","0","0"
"550","17","6","38","21","7","9.7","44","1","194","0","0","1"
"551","22","1","48","11","8","8.55","40","2","171","6","0","0"
"552","22","4","42","16","7","8.796610169491524","32","0","173","0","0","1"
"553","16","6","39","13","7","7.9","50","2","158","6","0","0"
"554","19","5","44","14","7","8","51","3","160","0","0","1"
"555","18","9","53","19","1","6.8","47","0","136","8","0","0"
"556","20","5","47","18","3","7.368421052631579","37","1","140","0","0","1"
"557","20","3","47","12","3","7","32","1","140","7","0","1"
"558","24","3","59","9","3","5.634782608695652","26","0","108","0","0","0"
"559","24","4","63","9","6","6","25","0","120","7","0","0"
"560","19","8","46","18","2","7.454545454545454","43","0","123","0","0","1"
"561","22","8","39","18","13","10.75","42","0","215","1","0","1"
"562","14","6","34","18","8","9.7","51","2","194","0","0","0"
"563","18","6","47","10","2","6.3","41","1","126","8","0","0"
"564","15","5","48","10","3","6.857142857142857","58","3","128","0","0","1"
"565","27","2","58","16","4","7.05","20","0","141","8","0","0"
"566","24","3","60","15","7","7.909090909090909","44","3","145","0","0","1"
"567","22","4","45","13","2","6.8","27","0","136","4","0","1"
"568","16","1","47","1","2","5.1","40","2","102","0","0","0"
"569","22","2","49","8","5","6.6","23","0","132","7","0","1"
"570","22","4","58","7","6","6.15","40","2","123","0","0","0"
"571","22","4","50","13","5","8.1","31","0","162","6","0","0"
"572","20","6","35","16","3","8.972477064220183","44","1","163","0","0","1"
"573","14","5","40","14","6","8.1","48","2","162","4","0","1"
"574","16","5","46","15","3","7.2","49","2","144","0","0","0"
"575","23","5","43","23","6","9.35","30","0","187","5","0","1"
"576","17","7","48","14","5","7.45","54","2","149","0","0","0"
"577","14","9","29","24","9","11.1","52","0","222","5","0","1"
"578","12","5","36","7","7","8.07920792079208","46","1","136","0","0","0"
"579","13","4","31","13","8","9.5","54","3","190","3","0","0"
"580","13","6","29","18","6","9.762711864406779","56","2","192","0","0","1"
"581","17","7","53","15","1","6.4","45","0","128","10","0","0"
"582","20","8","45","14","2","6.910714285714286","46","1","129","0","0","1"
"583","24","4","60","20","6","7.8","31","1","156","5","0","1"
"584","16","3","39","10","5","7.7","38","1","154","0","0","0"
"585","17","5","46","12","1","6.3","38","0","126","6","0","1"
"586","21","0","54","6","2","5.52212389380531","27","1","104","0","0","0"
"587","16","6","37","14","5","8.25","45","0","165","7","0","1"
"588","17","4","36","13","3","8","39","1","160","0","0","0"
"589","13","3","49","10","7","7.4","41","1","148","6","0","1"
"590","21","4","54","11","4","6.95","36","0","139","0","0","0"
"591","21","3","61","10","1","4.95","24","0","99","9","0","0"
"592","14","9","29","14","1","8","56","1","100","0","0","1"
"593","18","3","50","11","1","6.5","40","0","130","8","0","0"
"594","14","3","37","8","1","6.5","37","0","130","0","0","0"
"595","20","5","47","17","2","7.2","35","0","144","6","0","1"
"596","16","2","55","9","4","6.578947368421052","40","1","125","0","0","0"
"597","20","5","35","21","10","10.45","38","1","209","5","0","1"
"598","16","6","40","15","5","8.25","46","1","165","0","0","0"
"599","17","7","45","15","1","6.957983193277311","43","0","138","10","0","0"
"600","18","5","34","14","3","8.01923076923077","38","0","139","0","0","1"
"601","18","7","43","17","2","7.7","44","0","154","8","0","0"
"602","22","4","53","11","11","8.943396226415095","43","3","158","0","0","1"
"603","16","7","41","17","1","7.25","44","0","145","5","0","0"
"604","14","5","47","10","8","7.928571428571428","64","4","148","0","0","1"
"605","22","3","54","6","3","5.7","29","1","114","8","0","0"
"606","22","7","56","13","1","5.948275862068966","38","0","115","0","0","1"
"607","19","8","41","17","7","9.15","48","1","183","3","0","1"
"608","20","7","49","11","5","7.1","40","0","142","0","0","0"
"609","21","5","42","13","4","8.25","33","0","165","6","0","0"
"610","21","4","39","13","4","8.3","31","0","166","0","0","1"
"611","13","7","39","22","4","9","48","0","180","4","0","1"
"612","9","2","35","7","3","6.6","39","1","132","0","0","0"
"613","21","3","52","12","2","6.5840707964601775","34","1","124","10","0","0"
"614","18","9","53","18","0","6.517241379310345","48","0","126","0","0","1"
"615","16","9","41","16","5","7.95","48","0","159","5","0","1"
"616","17","4","44","10","3","6.75","38","1","135","0","0","0"
"617","20","6","39","16","3","7.85","35","0","157","9","0","1"
"618","17","8","46","18","2","7.65","45","0","153","0","0","0"
"619","19","7","46","17","2","7.6","43","0","152","5","0","0"
"620","20","4","46","12","5","7.6","48","3","152","0","0","0"
"621","24","3","50","9","2","5.95","25","0","119","8","0","1"
"622","20","7","54","11","1","5.684210526315789","41","0","108","0","0","0"
"623","17","9","38","18","5","8.95","58","2","179","3","0","1"
"624","19","2","53","8","0","5.0181818181818185","26","0","92","0","0","0"
"625","18","6","38","19","3","8.45","39","0","169","4","0","1"
"626","22","2","53","5","1","4.742857142857143","32","1","83","0","0","0"
"627","19","5","55","10","4","6.15","36","0","123","9","0","0"
"628","16","2","44","11","3","6.684210526315789","33","0","127","0","0","1"
"629","14","8","57","10","4","5.95","47","0","119","9","0","0"
"630","22","4","44","9","4","6.469565217391304","27","0","124","0","0","1"
"631","25","5","59","14","2","5.949152542372881","31","1","117","10","0","0"
"632","17","7","48","13","2","6.897196261682243","48","0","123","0","0","1"
"633","21","3","41","11","8","8.05","24","0","161","4","0","0"
"634","14","10","26","22","3","9.705882352941176","60","1","165","0","0","1"
"635","16","5","41","20","6","9.25","48","1","185","4","0","0"
"636","13","8","28","16","5","9.378151260504202","55","0","186","0","0","1"
"637","11","5","30","12","7","9.25","55","2","185","4","0","0"
"638","9","7","21","18","4","9.378151260504202","58","2","186","0","0","1"
"639","22","7","37","20","21","13.15","62","4","263","5","0","1"
"640","19","6","55","15","3","6.65","43","1","133","0","0","0"
"641","16","7","46","18","7","8.55","53","2","171","4","0","1"
"642","25","1","51","17","7","8.2","21","1","164","0","0","0"
"643","14","8","45","16","4","7.95","61","2","159","6","0","0"
"644","18","4","38","9","9","8.168067226890757","42","2","162","0","0","1"
"645","18","6","48","18","4","7.95","40","0","159","6","0","0"
"646","12","6","49","15","6","8.067226890756302","58","2","160","0","0","1"
"647","17","8","43","15","4","7.45","45","0","149","6","0","0"
"648","19","6","48","16","7","8.108108108108109","45","2","150","0","0","1"
"649","25","5","56","16","2","7.2","29","0","144","9","0","0"
"650","22","5","43","18","5","8.186915887850468","30","0","146","0","0","1"
"651","15","9","37","19","8","9.7","52","0","194","7","0","1"
"652","23","5","55","13","3","6.8","35","1","136","0","0","0"
"653","15","10","27","20","6","10","67","2","200","3","0","1"
"654","15","11","38","21","5","9.3","63","0","186","0","0","0"
"655","24","4","51","12","8","8.2","37","1","164","5","0","1"
"656","16","5","48","18","1","7.45","43","0","149","0","0","0"
"657","14","7","40","15","5","8.55","55","1","171","6","0","0"
"658","19","8","36","16","5","8.722689075630253","45","0","173","0","0","1"
"659","19","3","44","14","9","8.7","36","1","174","3","0","1"
"660","14","8","47","12","9","8.5","55","1","170","0","0","0"
"661","21","3","33","13","5","8.2","29","1","164","3","0","1"
"662","19","5","55","9","4","6.35","46","2","127","0","0","0"
"663","21","5","52","12","2","6.45","41","1","129","4","0","0"
"664","20","6","42","15","1","7.222222222222222","36","0","130","0","0","1"
"665","23","5","60","14","4","6.8","37","1","136","7","0","0"
"666","19","5","42","13","4","7.682242990654206","34","0","137","0","0","1"
"667","18","3","32","14","8","9.3","36","1","186","4","0","1"
"668","16","5","34","18","5","8.55","36","0","171","0","0","0"
"669","18","3","36","17","6","9.35","30","0","187","3","0","1"
"670","13","3","43","9","11","8.5","39","1","170","0","0","0"
"671","18","4","43","11","2","6.6","34","0","132","6","0","0"
"672","17","6","40","11","5","7.673076923076923","48","1","133","0","0","1"
"673","25","2","66","4","1","4.173913043478261","26","1","80","10","0","0"
"674","16","6","39","8","1","5.785714285714286","41","0","81","0","0","1"
"675","20","5","49","15","8","8.7","31","0","174","5","0","0"
"676","17","7","32","21","5","9.688073394495412","46","0","176","0","0","1"
"677","24","3","57","11","6","6.95","32","1","139","5","0","1"
"678","21","3","51","6","1","5.1521739130434785","32","1","79","0","0","0"
"679","13","10","50","20","5","8.9","61","0","178","4","0","0"
"680","17","9","36","20","5","9.176470588235295","53","1","182","0","0","1"
"681","16","6","39","10","7","8.05","40","0","161","6","0","0"
"682","20","6","42","17","7","9.169811320754716","47","2","162","0","0","1"
"683","20","7","49","19","2","7.7","42","0","154","4","0","0"
"684","18","7","29","15","2","8.69158878504673","49","0","155","0","0","1"
"685","20","7","47","20","4","8.5","41","0","170","6","0","1"
"686","19","5","55","9","4","5.7272727272727275","38","1","105","0","0","0"
"687","19","5","33","21","10","11.15","50","3","223","3","0","1"
"688","16","6","48","11","6","7.3","49","1","146","0","0","0"
"689","18","6","40","13","2","7.25","37","0","145","6","0","0"
"690","16","6","39","12","5","7.7368421052631575","38","0","147","0","0","1"
"691","14","8","43","16","2","7.6","50","0","152","6","0","1"
"692","18","4","50","4","4","5.435897435897436","34","0","106","0","0","0"
"693","21","7","38","19","6","9.15","40","0","183","4","0","1"
"694","19","10","42","24","3","8.95","49","0","179","0","0","0"
"695","19","5","48","5","3","5.6","36","0","112","8","0","0"
"696","21","4","52","11","3","6.159292035398231","37","1","116","0","0","1"
"697","21","5","48","14","5","7.5","37","1","150","7","0","1"
"698","18","7","60","11","3","6","41","0","120","0","0","0"
"699","21","2","44","5","2","5.75","22","0","115","9","0","0"
"700","22","4","58","13","1","6","31","0","116","0","0","1"
"701","20","5","49","16","0","7.05","37","0","141","4","0","0"
"702","25","3","47","11","9","8.388349514563107","24","0","144","0","0","1"
"703","19","5","49","10","2","6","40","1","120","7","0","0"
"704","15","10","42","16","1","7.117647058823529","56","0","121","0","0","1"
"705","17","7","35","18","5","8.9","52","1","178","3","0","0"
"706","18","6","39","13","10","9.435897435897436","39","0","184","0","0","1"
"707","16","3","40","11","9","8.5","42","2","170","4","0","1"
"708","21","1","43","15","4","8.15","33","0","163","0","0","0"
"709","15","5","37","11","5","8.4","47","1","168","4","0","1"
"710","20","7","49","9","4","6.75","49","2","135","0","0","0"
"711","19","3","43","15","6","8.3","49","4","166","8","0","1"
"712","22","4","54","16","4","7.6","29","0","152","0","0","0"
"713","15","8","41","21","6","9.5","58","2","190","3","0","0"
"714","18","7","31","19","8","10.777777777777779","41","0","194","0","0","1"
"715","21","1","39","7","2","6.8","21","0","136","9","0","1"
"716","20","2","58","7","4","5.65","33","2","113","0","0","0"
"717","23","7","43","24","5","9.15","35","0","183","8","0","1"
"718","16","6","50","11","5","6.939130434782609","51","2","133","0","0","0"
"719","17","4","41","13","8","8.6","40","1","172","5","0","1"
"720","20","6","52","13","2","6.7","47","1","134","0","0","0"
"721","10","6","15","10","8","13.25","76","6","106","2","0","1"
"722","11","4","15","6","5","10.25","56","3","82","0","0","0"
"723","21","3","52","10","3","6.5","33","0","130","7","0","0"
"724","16","6","46","11","4","7.008849557522124","45","1","132","0","0","1"
"725","14","7","24","17","7","9.6","47","0","192","1","0","1"
"726","15","7","43","10","7","7.7142857142857135","56","2","144","0","0","0"
"727","23","4","53","11","4","6.6","27","0","132","7","0","0"
"728","19","7","57","12","6","6.982758620689656","44","1","135","0","0","1"
"729","20","8","45","23","1","8.25","42","0","165","6","0","0"
"730","16","6","42","15","6","8.521008403361344","45","1","169","0","0","1"
"731","21","6","49","18","3","7.4","34","0","148","9","0","1"
"732","19","5","62","8","6","6.25","35","0","125","0","0","0"
"733","19","1","42","15","5","8.15","31","1","163","5","0","1"
"734","20","3","52","8","2","6.1","32","1","122","0","0","0"
"735","20","2","43","10","4","7.25","30","1","145","4","0","0"
"736","18","8","41","10","9","8.673267326732674","50","1","146","0","0","1"
"737","13","7","34","15","10","10.25","70","3","205","4","0","0"
"738","13","12","30","26","5","10.938053097345133","64","0","206","0","0","1"
"739","14","3","38","6","2","6.65","41","0","133","6","0","0"
"740","19","3","45","14","1","6.923076923076923","30","0","135","0","0","1"
"741","14","5","48","8","0","5.75","49","0","115","9","0","0"
"742","22","4","42","12","1","6.628571428571429","30","0","116","0","0","1"
"743","20","1","35","15","2","8.3","31","0","166","5","0","0"
"744","15","6","40","13","6","8.564102564102564","49","0","167","0","0","1"
"745","18","5","46","16","10","9.55","54","2","191","5","0","0"
"746","15","2","29","11","12","10.339285714285714","39","2","193","0","0","1"
"747","15","3","33","14","5","8.85","34","0","177","7","0","1"
"748","21","2","46","7","0","5.361702127659575","24","0","84","0","0","0"
"749","21","6","46","14","13","9.65","43","2","193","6","0","1"
"750","18","5","47","6","4","6.258620689655173","45","1","121","0","0","0"
"751","16","6","48","10","3","7","51","2","140","6","0","1"
"752","22","3","53","7","6","6.705882352941177","38","2","133","0","0","0"
"753","16","6","38","7","6","7.5","42","0","150","7","0","1"
"754","17","9","49","19","1","7.4","49","0","148","0","0","0"
"755","14","8","37","16","8","9.2","55","1","184","1","0","1"
"756","13","4","35","18","6","9","44","1","180","0","0","0"
"757","21","5","42","12","4","7.05","31","0","141","7","0","0"
"758","18","5","46","9","7","7.473684210526316","51","3","142","0","0","1"
"759","18","4","42","18","8","9.45","43","2","189","4","1","1"
"760","16","7","41","18","5","9.4","68","3","188","10","1","0"
"761","23","3","51","14","1","6.3","23","0","126","8","2","1"
"762","24","4","67","9","2","5.6","44","1","112","8","0","0"
"763","16","7","44","14","9","8.75","42","0","175","4","0","0"
"764","11","8","32","13","8","9.128205128205128","74","4","178","4","0","1"
"765","16","8","45","18","7","8.8","60","3","176","8","0","0"
"766","16","7","39","20","6","9.025210084033613","56","3","179","5","2","1"
"767","12","10","30","21","9","10.55","67","2","211","5","0","1"
"768","16","8","35","19","8","10.05","65","4","201","7","1","0"
"769","14","7","34","15","4","7.8","46","0","156","8","1","1"
"770","20","5","40","15","5","7.65","33","0","153","6","2","0"
"771","16","6","42","17","5","8.7","47","0","174","6","1","0"
"772","19","9","50","18","9","8.898305084745763","51","1","175","7","2","1"
"773","22","2","46","14","1","7.25","29","0","145","7","0","0"
"774","19","5","42","13","2","7.3","36","0","146","5","2","1"
"775","21","3","43","14","3","7.35","26","0","147","8","2","0"
"776","20","8","46","16","3","7.655172413793104","44","0","148","3","1","1"
"777","17","10","46","19","10","9.6","58","1","192","9","0","1"
"778","18","2","49","9","1","5.381443298969072","28","0","87","10","3","0"
"779","20","3","62","11","2","5.6","35","1","112","8","4","0"
"780","21","6","37","13","4","7.820224719101123","35","0","116","1","1","1"
"781","15","4","37","9","7","8.15","42","1","163","5","1","0"
"782","16","6","43","13","5","8.2","41","0","164","7","1","1"
"783","15","6","35","19","3","8.25","40","0","165","7","1","1"
"784","21","5","46","11","6","7.3","40","1","146","7","2","0"
"785","20","3","55","15","2","6.65","29","0","133","8","3","1"
"786","29","0","59","1","2","3.8241758241758244","14","0","58","10","2","0"
"787","9","3","28","5","7","8.666666666666666","67","5","104","7","1","0"
"788","9","6","9","6","3","11.6","52","2","58","0","0","1"
"789","28","2","66","7","4","5.135593220338983","21","1","101","10","3","0"
"790","22","5","36","11","4","7.89873417721519","37","1","104","2","2","1"
"791","10","7","34","16","6","8.95","68","3","179","5","0","1"
"792","17","7","48","9","1","5.673913043478261","46","0","87","10","2","0"
"793","17","7","46","15","4","7.9","46","1","158","6","1","1"
"794","16","3","26","3","6","8.464285714285714","60","5","79","1","1","0"
"795","13","8","39","10","12","9.2","62","3","184","6","1","1"
"796","19","4","48","17","4","8","31","0","160","8","2","0"
"797","14","7","35","16","8","9.45","59","3","189","5","2","1"
"798","8","7","31","15","5","9","61","1","180","9","1","0"
"799","20","7","45","11","5","7.5","54","3","150","6","2","1"
"800","23","2","51","10","5","7.5","38","3","150","8","1","1"
"801","19","7","46","17","5","8.4","49","1","168","9","3","0"
"802","8","2","23","10","7","9.105263157894736","44","0","173","3","0","1"
"803","16","7","39","13","7","8.4","55","2","168","9","0","1"
"804","18","5","42","10","7","7.8","50","2","156","7","1","0"
"805","16","3","45","9","5","7.45","45","1","149","7","2","0"
"806","14","2","35","10","4","7.758620689655173","43","2","150","4","2","1"
"807","23","6","50","12","3","6.95","38","0","139","6","2","1"
"808","23","5","52","10","0","5.6","32","0","112","7","4","0"
"809","15","8","45","16","6","8.25","62","2","165","6","1","0"
"810","14","8","37","13","7","8.666666666666666","69","4","169","4","1","1"
"811","20","4","42","11","10","9.35","61","4","187","6","0","1"
"812","19","5","40","8","2","6.195652173913043","47","2","95","9","2","0"
"813","19","6","44","14","3","7.15","42","1","143","7","3","0"
"814","26","5","47","11","7","7.945945945945946","33","1","147","5","2","1"
"815","21","6","43","12","2","6.95","45","1","139","6","2","0"
"816","19","7","43","12","3","7.2100840336134455","46","0","143","5","0","1"
"817","20","1","42","5","2","5.95","26","1","119","8","2","1"
"818","24","2","54","7","1","5.8","23","0","116","7","3","0"
"819","22","6","45","13","3","7.4","37","0","148","9","2","0"
"820","20","7","45","14","4","7.894736842105263","41","0","150","4","2","1"
"821","19","3","45","15","6","8.2","40","2","164","5","2","1"
"822","16","4","47","12","2","6.461538461538462","38","1","126","9","2","0"
"823","17","3","42","8","6","7.4","40","1","148","6","2","1"
"824","23","4","43","10","3","6.95","26","0","139","6","2","0"
"825","20","2","52","13","5","7.25","38","2","145","9","2","1"
"826","19","4","56","13","4","6.85","35","0","137","7","0","0"
"827","22","6","51","11","5","7.05","39","1","141","5","2","0"
"828","26","5","49","12","5","7.220338983050847","30","0","142","7","3","1"
"829","16","6","44","16","5","8.15","53","2","163","10","2","1"
"830","16","6","52","15","4","7.25","49","1","145","8","2","0"
"831","23","3","46","16","3","7.65","28","0","153","3","1","0"
"832","16","2","41","13","4","7.7","51","4","154","4","2","1"
"833","24","3","47","13","3","7.45","25","0","149","4","3","0"
"834","22","7","43","14","4","8.256880733944953","51","2","150","1","1","1"
"835","17","5","35","15","7","8.9","53","3","178","3","0","1"
"836","20","2","43","6","6","6.818181818181818","52","5","100","10","3","0"
"837","16","6","40","24","8","10.55","57","3","211","4","0","1"
"838","20","4","59","11","4","6.65","29","0","133","8","4","0"
"839","16","4","44","13","4","7.7","54","3","154","3","0","0"
"840","15","8","41","17","2","8.263157894736842","57","1","157","1","0","1"
"841","22","3","44","8","6","7.25","37","2","145","6","2","1"
"842","20","4","51","11","3","6.3","41","2","126","8","2","0"
"843","23","2","59","6","3","5.25","29","1","105","10","3","0"
"844","21","5","41","10","3","7.133333333333334","31","0","107","3","1","1"
"845","16","8","37","20","9","10.277777777777779","57","2","185","3","1","1"
"846","14","3","26","12","8","9.666666666666666","53","3","174","3","1","0"
"847","21","2","56","7","3","5.8","30","0","116","10","3","0"
"848","16","2","48","11","2","6.265486725663717","36","1","118","3","0","1"
"849","17","5","47","9","9","8.4","52","2","168","5","1","0"
"850","14","5","31","11","7","8.521008403361344","45","1","169","7","2","1"
"851","19","3","49","11","5","7","34","1","140","7","1","0"
"852","22","3","50","14","4","7.690909090909091","37","2","141","3","2","1"
"853","21","4","40","10","4","7.85","46","1","157","2","1","1"
"854","21","7","46","10","3","7.05","39","0","141","7","2","0"
"855","21","2","57","6","5","6.15","37","2","123","8","3","0"
"856","19","7","40","14","1","7.281553398058252","47","1","125","3","0","1"
"857","18","3","36","8","8","8.3","42","2","166","7","2","1"
"858","25","5","51","10","1","5.794871794871795","30","0","113","10","2","0"
"859","22","6","40","17","5","8.65","38","1","173","4","2","0"
"860","18","6","42","15","6","9.10344827586207","46","1","176","4","0","1"
"861","21","5","64","10","3","5.95","51","3","119","9","3","0"
"862","21","4","47","12","4","7.469387755102042","42","2","122","2","2","1"
"863","18","7","45","16","6","8.65","56","2","173","7","1","1"
"864","17","6","44","13","7","8.186440677966102","50","2","161","10","2","0"
"865","15","8","48","12","3","6.5593220338983045","52","1","129","10","2","0"
"866","21","5","51","12","4","6.711864406779661","33","0","132","8","3","1"
"867","16","6","48","16","3","7.25","42","0","145","7","0","1"
"868","19","2","44","10","2","7.2100840336134455","26","0","143","10","3","0"
"869","20","5","53","7","1","6","38","0","120","9","2","0"
"870","24","5","63","12","4","6.4173913043478255","37","1","123","4","3","1"
"871","19","6","43","9","6","7.35","49","2","147","5","2","0"
"872","25","4","45","13","4","7.810344827586207","35","2","151","3","2","1"
"873","21","2","45","10","6","8","31","1","160","5","1","0"
"874","20","7","43","13","6","8.3","50","2","166","4","0","1"
"875","21","3","48","10","3","6.7","39","2","134","7","3","1"
"876","21","8","62","11","4","6.65","46","1","133","8","2","0"
"877","20","4","37","11","1","7.5","35","0","150","3","2","1"
"878","23","2","52","13","1","6.8","24","0","136","9","2","0"
"879","14","9","35","17","6","9.4","54","0","188","3","0","0"
"880","19","8","41","17","8","9.45","56","2","189","3","1","1"
"881","19","4","36","8","1","6.7","37","1","134","7","3","0"
"882","23","3","41","8","5","7.105263157894737","27","1","135","3","1","1"
"883","23","5","65","7","3","5.05","46","3","101","9","4","0"
"884","25","5","62","9","2","5.230769230769231","29","0","102","6","3","1"
"885","15","8","53","11","2","5.8","50","1","116","9","1","1"
"886","21","2","60","5","1","4.6","29","1","92","8","1","0"
"887","24","4","45","19","2","8.25","30","0","165","8","3","0"
"888","9","9","36","17","6","9.485714285714286","60","1","166","6","1","1"
"889","21","4","45","13","7","8.5","33","0","170","4","1","1"
"890","14","6","37","11","5","7.9","64","4","158","6","0","0"
"891","21","7","46","14","4","7.65","49","1","153","8","2","0"
"892","12","7","41","13","6","8.716981132075471","84","5","154","4","1","1"
"893","13","9","40","11","4","7.3","52","0","146","5","0","0"
"894","16","11","46","16","3","7.842105263157895","59","0","149","4","2","1"
"895","21","3","47","9","4","7.15","31","0","143","6","2","1"
"896","21","3","53","11","5","6.85","36","2","137","9","1","0"
"897","23","4","50","12","8","8.05","38","2","161","4","4","1"
"898","11","5","45","12","4","7.5","62","3","150","7","1","0"
"899","15","9","33","23","6","10.6","69","2","212","7","1","1"
"900","17","6","35","18","11","10.4","39","0","208","7","2","0"
"901","20","3","52","15","2","7.1","44","2","142","9","3","0"
"902","19","6","44","17","1","7.3613445378151265","39","0","146","5","2","1"
"903","26","4","44","13","2","6.75","24","0","135","7","3","0"
"904","13","8","50","14","3","7.03448275862069","61","2","136","3","0","1"
"905","16","6","42","18","8","9.5","57","3","190","4","2","1"
"906","22","1","44","7","10","7.95","34","3","159","9","4","0"
"907","20","8","54","14","4","7.05","47","1","141","6","3","0"
"908","13","7","34","12","5","8.271844660194175","60","2","142","4","2","1"
"909","18","5","36","19","7","10.15","50","2","203","3","0","0"
"910","16","6","36","15","13","10.736842105263158","61","3","204","2","0","1"
"911","20","5","40","16","4","8.2","31","0","164","3","1","1"
"912","20","9","57","14","0","5.637931034482759","45","0","109","10","3","0"
"913","11","10","30","19","9","10.9","67","1","218","7","1","1"
"914","9","9","42","14","2","7.2727272727272725","56","0","120","9","1","0"
"915","18","2","64","5","2","4.638655462184874","31","0","92","10","1","0"
"916","15","11","27","14","1","8.454545454545455","59","0","93","0","0","1"
"917","18","8","34","20","5","9.25","52","1","185","6","1","0"
"918","17","10","41","17","11","9.91304347826087","56","1","190","5","1","1"
"919","12","6","35","13","7","8.5","56","2","170","8","2","1"
"920","26","5","50","20","5","8.2","27","0","164","8","3","0"
"921","13","10","34","20","2","8.4","56","0","168","7","2","1"
"922","19","7","42","12","2","6.7","38","0","134","5","1","0"
"923","18","7","48","17","2","7.55","45","0","151","9","2","0"
"924","13","8","39","15","5","8.08695652173913","55","1","155","3","0","1"
"925","19","6","46","15","9","8.55","47","2","171","6","2","1"
"926","17","6","38","13","6","8.05","48","2","161","9","1","0"
"927","19","6","50","14","3","6.8","38","0","136","8","1","1"
"928","19","5","50","9","5","6.8","42","1","136","7","0","1"
"929","22","8","38","16","2","7.75","41","0","155","3","0","0"
"930","16","11","37","21","1","8.432432432432432","57","0","156","3","0","1"
"931","19","6","46","15","8","8.55","38","0","171","5","1","1"
"932","22","3","54","15","3","6.75","29","0","135","7","1","0"
"933","15","9","35","21","3","9.15","53","0","183","5","1","1"
"934","10","11","38","13","4","7.930434782608695","76","2","152","10","1","0"
"935","16","6","30","18","3","9","51","1","180","2","2","0"
"936","13","5","35","15","6","9.526315789473685","63","2","181","5","0","1"
"937","13","6","40","8","6","7.4","55","2","148","9","2","0"
"938","15","9","35","12","9","9.638297872340425","54","1","151","2","0","1"
"939","21","9","40","22","3","9.15","50","0","183","5","2","1"
"940","19","5","45","13","3","7.2","42","1","144","6","2","0"
"941","11","7","31","15","5","9.15","64","2","183","4","2","1"
"942","12","5","31","17","3","8.3","46","0","166","9","0","0"
"943","15","6","36","15","7","8.85","58","3","177","8","1","1"
"944","13","5","36","11","6","8","58","3","160","6","1","0"
"945","20","8","50","23","3","8.6","52","1","172","7","1","1"
"946","19","5","47","10","6","7.415094339622641","50","3","131","10","4","0"
"947","14","9","34","15","6","8.85","62","2","177","4","3","1"
"948","21","3","44","11","3","6.85","36","2","137","9","3","0"
"949","18","7","37","16","1","8.15","48","0","163","10","2","0"
"950","17","6","40","14","4","8.338983050847457","45","0","164","6","1","1"
"951","15","6","41","16","5","8.05","52","2","161","4","1","0"
"952","12","3","35","9","7","8.526315789473685","56","4","162","5","0","1"
"953","17","6","33","17","6","9.4","52","2","188","6","3","1"
"954","19","5","52","9","6","6.849056603773584","39","1","121","10","4","0"
"955","18","7","43","17","7","9.05","46","0","181","6","2","1"
"956","15","10","41","18","2","7.85","59","1","157","5","1","0"
"957","19","8","36","20","3","9.05","41","0","181","5","1","0"
"958","12","7","25","17","4","9.517241379310345","51","0","184","4","1","1"
"959","13","9","33","19","17","12.3","66","3","246","5","1","1"
"960","14","9","36","21","13","11.15","62","2","223","5","0","0"
"961","10","6","35","16","5","8.9","53","0","178","5","0","1"
"962","17","4","43","8","1","6.272727272727273","40","1","115","10","2","0"
"963","17","8","36","16","10","10","53","1","200","3","0","0"
"964","5","9","18","21","8","11.127272727272729","69","2","204","2","1","1"
"965","18","8","45","14","11","9.2","54","2","184","5","2","1"
"966","18","3","40","8","6","7.35","38","1","147","9","1","0"
"967","19","4","45","15","4","8.016806722689076","48","3","159","10","2","1"
"968","20","5","49","15","5","7.85","52","3","157","10","2","0"
"969","19","4","35","14","2","8.25","42","1","165","4","1","1"
"970","14","7","47","10","3","7.05","46","0","141","9","0","0"
"971","15","7","39","13","4","7.65","52","1","153","6","1","0"
"972","13","12","30","20","5","10.466666666666667","70","1","157","1","0","1"
"973","18","9","38","17","6","9.05","50","0","181","3","0","1"
"974","15","4","35","16","4","8.35","44","2","167","8","1","0"
"975","20","4","46","15","8","9.2","46","2","184","6","1","0"
"976","20","5","34","17","8","9.620689655172415","32","0","186","3","1","1"
"977","12","8","33","15","2","7.7","51","0","154","9","2","0"
"978","15","10","42","20","3","8.172413793103448","56","1","158","4","1","1"
"979","13","7","41","9","3","6.9","55","1","138","8","1","0"
"980","20","3","50","8","6","7.189655172413794","37","1","139","4","2","1"
"981","14","7","52","13","8","8","61","3","160","9","1","0"
"982","12","6","31","13","7","9.436893203883495","48","0","162","3","1","1"
"983","22","6","58","8","0","5.596638655462185","45","0","111","10","3","0"
"984","14","4","45","11","2","6","39","1","112","3","0","1"
"985","17","8","38","20","3","8.7","47","0","174","5","3","1"
"986","21","3","46","7","5","6.85","34","1","137","8","3","0"
"987","20","3","46","11","5","7.55","35","1","151","6","3","1"
"988","20","5","44","9","3","6.957983193277311","38","0","138","10","1","0"
"989","17","6","35","15","7","9.15","44","0","183","4","1","1"
"990","8","11","30","11","2","7.2","69","1","144","7","1","0"
"991","27","2","56","10","5","6.95","22","1","139","8","4","0"
"992","14","10","27","15","5","10.592592592592593","67","0","143","1","1","1"
"993","22","4","56","14","1","6.5","30","0","130","6","3","0"
"994","19","12","43","18","4","8.425531914893618","59","1","132","5","2","1"
"995","22","5","62","10","1","5.6","39","0","112","9","3","0"
"996","17","3","49","9","0","6.053571428571428","33","0","113","4","3","1"
"997","20","8","48","23","4","8.7","43","0","174","3","1","0"
"998","20","7","39","18","7","9.28695652173913","45","1","178","5","1","1"
"999","18","4","40","14","10","9.55","34","0","191","4","1","1"
"1000","17","2","39","10","3","6.7","34","1","134","9","2","0"
"1001","17","7","48","14","2","6.6","46","1","132","9","0","0"
"1002","22","8","40","17","3","8.22680412371134","42","0","133","2","2","1"
"1003","18","6","36","19","8","9.6","49","2","192","3","1","0"
"1004","18","8","36","22","7","9.915254237288135","49","1","195","4","2","1"
"1005","16","4","47","12","6","7.25","38","1","145","7","2","1"
"1006","18","7","46","10","4","6.7","39","0","134","7","3","0"
"1007","15","4","44","12","2","6.65","42","1","133","8","2","0"
"1008","20","5","42","13","3","7.714285714285714","44","2","135","1","0","1"
"1009","18","8","40","14","7","9.2","54","0","184","5","2","1"
"1010","18","7","43","12","3","7.45","44","0","149","9","1","0"
"1011","20","4","44","12","4","7.1","39","1","142","7","3","1"
"1012","25","2","64","9","2","5.379310344827586","23","1","104","10","2","0"
"1013","24","4","68","8","2","4.4324324324324325","27","0","82","10","3","0"
"1014","20","5","37","9","2","6.216867469879518","33","0","86","1","0","1"
"1015","19","2","44","11","8","8.4","40","3","168","5","0","1"
"1016","20","5","48","13","5","7.3","33","0","146","9","1","0"
"1017","17","8","35","14","4","7.65","45","0","153","4","1","1"
"1018","13","7","40","14","3","7.55","52","0","151","7","0","0"
"1019","19","6","50","11","5","6.85","44","1","137","8","2","0"
"1020","24","5","45","15","3","7.486725663716815","31","0","141","2","1","1"
"1021","13","5","39","13","4","8.05","61","3","161","5","0","0"
"1022","16","6","41","13","7","8.601769911504425","48","1","162","4","2","1"
"1023","22","4","55","9","2","5.377358490566038","38","2","95","10","3","0"
"1024","16","2","43","8","1","5.823529411764706","31","0","99","2","1","1"
"1025","24","7","64","13","1","5.6","36","0","112","8","5","0"
"1026","20","6","36","14","4","8.475","44","1","113","3","1","1"
"1027","14","8","45","21","3","8.15","46","0","163","4","0","1"
"1028","20","4","40","13","5","7.7","30","0","154","8","2","0"
"1029","24","3","56","14","6","7.55","30","1","151","6","2","0"
"1030","18","10","44","15","6","8.216216216216216","57","1","152","4","1","1"
"1031","19","2","40","13","3","7","24","0","140","4","2","0"
"1032","21","4","40","18","2","7.72972972972973","40","2","143","1","1","1"
"1033","23","2","38","18","6","9.4","31","1","188","4","2","0"
"1034","9","10","26","25","4","10.069565217391304","65","1","193","4","1","1"
"1035","21","7","53","12","5","7.4","37","0","148","8","4","0"
"1036","18","6","45","12","5","8.017699115044248","44","0","151","6","1","1"
"1037","18","6","39","17","6","8.75","41","0","175","5","1","1"
"1038","22","3","49","12","3","7.1","28","0","142","9","3","0"
"1039","22","4","39","10","5","7.95","31","0","159","4","1","0"
"1040","14","8","33","17","3","8.64864864864865","62","2","160","1","1","1"
"1041","16","7","38","17","7","9.1","44","0","182","2","0","0"
"1042","16","9","38","23","4","9.68421052631579","50","0","184","2","0","1"
"1043","15","6","32","20","5","9.15","45","1","183","5","0","1"
"1044","21","4","40","13","5","8.1","33","1","162","7","3","0"
"1045","14","8","34","17","2","8.25","48","0","165","8","1","0"
"1046","15","8","40","15","8","9.39622641509434","62","2","166","2","0","1"
"1047","16","6","46","12","11","9.35","63","3","187","5","1","0"
"1048","14","9","39","16","9","9.827586206896552","67","2","190","7","0","1"
"1049","18","5","41","6","1","5.282608695652174","36","0","81","10","2","0"
"1050","19","1","38","6","1","6.071428571428571","26","0","85","2","1","1"
"1051","20","8","39","15","3","7.705882352941177","42","0","131","4","1","0"
"1052","20","6","35","12","7","9","49","3","135","3","1","1"
"1053","17","7","37","20","3","8.4","43","0","168","4","1","1"
"1054","21","7","47","13","5","7.6","38","0","152","7","3","0"
"1055","22","5","51","14","2","6.807692307692308","33","0","118","10","4","0"
"1056","18","3","44","10","1","6.2","32","0","124","3","1","1"
"1057","18","7","52","11","5","6.6","45","1","132","7","0","1"
"1058","16","3","48","9","3","6.3","37","1","126","9","3","0"
"1059","15","9","42","19","7","9.75","77","3","195","7","1","1"
"1060","15","7","44","16","2","7.35","45","0","147","7","2","0"
"1061","22","5","49","14","7","8.2","40","1","164","4","2","1"
"1062","18","6","46","15","4","7.8","44","1","156","9","2","0"
"1063","17","5","39","15","4","8.55","50","1","171","5","1","0"
"1064","12","9","38","19","8","9.633027522935778","57","1","175","1","0","1"
"1065","13","9","32","20","12","11.55","70","2","231","4","0","1"
"1066","27","5","46","20","11","10.1","46","3","202","6","1","0"
"1067","13","9","38","18","5","8.6","57","1","172","4","1","1"
"1068","16","6","47","15","1","6.75","41","0","135","8","2","0"
"1069","19","4","50","9","0","5.45","32","0","109","10","2","0"
"1070","16","5","33","12","3","7.835294117647059","38","0","111","2","0","1"
"1071","16","5","44","10","4","7.1","45","1","142","6","0","1"
"1072","19","4","50","6","2","5.85","40","1","117","9","4","0"
"1073","15","5","43","13","5","8","42","0","160","6","1","0"
"1074","14","9","44","18","5","8.256410256410257","65","2","161","7","1","1"
"1075","20","6","56","11","6","7.05","37","0","141","6","3","0"
"1076","20","2","39","9","5","7.435897435897436","28","0","145","2","1","1"
"1077","26","1","52","13","1","6.45","20","0","129","7","3","1"
"1078","25","5","58","9","0","4.484848484848484","29","0","74","10","6","0"
"1079","17","7","44","12","4","7.4","42","0","148","7","1","1"
"1080","17","5","53","9","5","6.55","41","1","131","9","1","0"
"1081","19","2","57","4","2","4.7","31","1","94","8","2","0"
"1082","26","2","60","7","2","5.229357798165137","18","0","95","3","1","1"
"1083","16","5","40","13","10","9.05","57","4","181","5","0","1"
"1084","13","3","41","11","6","7.75","42","1","155","5","1","0"
"1085","21","4","53","13","7","7.85","34","0","157","7","2","1"
"1086","19","5","46","9","3","6.318584070796461","37","0","119","10","3","0"
"1087","20","5","55","11","1","5.95","40","1","119","6","2","0"
"1088","17","8","43","13","1","6.923076923076923","45","0","120","2","2","1"
"1089","16","9","44","15","2","7.15","49","0","143","7","1","0"
"1090","18","3","45","10","6","7.384615384615385","34","1","144","4","1","1"
"1091","17","4","40","14","6","8.25","34","0","165","5","1","1"
"1092","11","5","45","10","5","7.3","64","4","146","8","0","0"
"1093","19","4","40","17","4","7.95","35","1","159","5","1","1"
"1094","21","3","38","13","2","6.8","24","0","136","8","1","0"
"1095","21","5","47","16","2","7","42","2","140","6","2","0"
"1096","17","8","35","17","2","9.4","67","1","141","3","1","1"
"1097","20","5","40","13","6","8.45","41","1","169","4","1","1"
"1098","17","5","35","13","1","7.45","41","0","149","6","2","0"
"1099","15","8","44","19","0","7.35","47","0","147","6","0","0"
"1100","14","3","31","12","2","7.982142857142857","43","0","149","2","1","1"
"1101","15","8","46","15","6","8","49","0","160","7","1","1"
"1102","23","5","55","9","7","6.95","31","0","139","7","2","0"
"1103","19","5","39","13","4","7.8","35","0","156","5","2","1"
"1104","14","6","48","15","2","6.95","43","0","139","7","0","0"
"1105","17","8","37","18","4","8.75","43","0","175","5","1","0"
"1106","23","3","40","17","7","9.421052631578947","29","0","179","6","3","1"
"1107","21","7","45","23","11","10.25","48","2","205","6","1","1"
"1108","16","5","47","11","1","6","38","0","120","9","4","0"
"1109","24","0","46","6","2","5.7","15","0","114","4","2","1"
"1110","20","4","26","7","0","6.1","33","0","61","2","2","0"
"1111","21","11","41","21","5","8.9","50","0","178","4","1","1"
"1112","22","2","52","19","1","7.3","23","0","146","10","4","0"
"1113","14","7","51","12","0","6.25","49","0","125","9","1","0"
"1114","15","7","33","14","5","9.721518987341772","79","5","128","1","1","1"
"1115","18","5","50","12","1","5.95","34","0","119","8","1","0"
"1116","22","8","49","15","2","6.990291262135922","40","0","120","5","1","1"
"1117","10","8","32","19","6","9.8","55","0","196","3","0","1"
"1118","13","6","44","11","1","6.82051282051282","48","0","133","10","2","0"
"1119","12","5","34","11","2","6.8","50","2","136","8","0","0"
"1120","19","8","56","17","5","7.4727272727272736","52","2","137","4","0","1"
"1121","19","6","44","18","3","8.15","39","0","163","8","1","1"
"1122","22","6","38","10","2","6.6923076923076925","33","0","87","10","3","0"
"1123","20","6","46","12","3","7.3","43","1","146","6","0","0"
"1124","13","12","35","18","5","8.882352941176471","66","1","151","1","0","1"
"1125","20","3","39","15","8","8.8","42","3","176","4","2","1"
"1126","17","7","46","12","6","7.9","52","2","158","6","1","0"
"1127","14","7","41","12","7","8.9","62","1","178","7","0","0"
"1128","19","6","43","17","10","9.610619469026549","49","2","181","4","2","1"
"1129","19","4","35","8","3","6.846153846153846","33","0","89","4","3","0"
"1130","13","9","31","13","2","8.289473684210527","65","2","105","6","2","1"
"1131","18","1","41","9","4","6.75","32","2","135","6","1","1"
"1132","23","3","60","10","4","6.25","26","0","125","8","3","0"
"1133","20","8","52","20","6","8.5","43","0","170","6","1","1"
"1134","23","2","62","13","6","7.05","42","3","141","8","0","0"
"1135","23","4","68","9","4","5.243243243243243","32","1","97","10","3","0"
"1136","14","8","18","10","7","13.363636363636363","87","7","98","2","2","1"
"1137","21","5","60","10","7","6.8","39","1","136","9","2","0"
"1138","14","5","46","10","4","7.137931034482759","57","2","138","4","0","1"
"1139","24","3","39","19","15","11.6","30","1","232","2","1","1"
"1140","23","5","51","13","4","7.117647058823529","34","0","121","10","3","0"
"1141","18","4","38","10","6","7.6","41","2","152","5","2","1"
"1142","13","4","40","10","3","7.05","40","0","141","5","1","0"
"1143","21","4","54","10","1","5.9","29","0","118","7","2","0"
"1144","19","4","44","12","2","7.14","44","1","119","3","1","1"
"1145","20","3","44","13","1","6.65","26","0","133","5","2","0"
"1146","16","5","26","15","6","10.177215189873419","52","3","134","0","0","1"
"1147","12","9","26","20","4","9.9","58","0","198","2","0","1"
"1148","22","8","62","12","4","6.105263157894737","45","1","116","10","2","0"
"1149","20","2","29","3","2","5.508196721311475","33","2","56","3","2","1"
"1150","20","2","29","3","2","5.508196721311475","33","2","56","3","2","1"
"1151","26","3","61","8","7","6.4","23","0","128","8","4","0"
"1152","18","5","48","10","6","7.166666666666667","44","2","129","2","1","1"
"1153","17","5","35","16","7","8.75","46","2","175","7","2","0"
"1154","15","10","37","21","3","8.9","54","0","178","5","1","1"
"1155","18","6","40","14","7","8.75","44","1","175","4","1","0"
"1156","26","4","45","14","10","9","25","0","177","4","2","1"
"1157","23","3","45","15","3","7.35","25","0","147","7","4","0"
"1158","11","11","47","18","3","7.655172413793104","62","0","148","6","0","1"
"1159","17","10","36","13","7","9.25","68","2","185","4","0","1"
"1160","15","8","47","13","4","7.1","52","1","142","8","2","0"
"1161","10","0","30","7","13","10.25","56","4","205","5","0","1"
"1162","12","6","42","11","4","7.35","47","0","147","8","2","0"
"1163","14","2","46","7","1","5.647058823529412","42","1","112","10","2","0"
"1164","16","7","43","9","5","6.831683168316832","53","2","115","3","0","1"
"1165","17","6","27","7","5","8.083333333333334","46","1","97","9","4","0"
"1166","11","5","17","8","4","8.955223880597016","48","1","100","2","0","1"
"1167","19","4","45","12","1","6.45","30","0","129","9","3","1"
"1168","24","2","61","8","2","5.05","27","1","101","9","3","0"
"1169","11","9","35","24","3","9.55","57","0","191","4","0","1"
"1170","15","4","36","13","4","8","45","1","160","9","2","0"
"1171","18","5","42","14","5","7.85","46","2","157","8","2","1"
"1172","18","7","45","13","2","6.85","46","1","137","7","1","0"
"1173","17","4","38","10","12","9.65","44","2","193","6","2","1"
"1174","16","7","43","11","4","6.932038834951456","45","0","119","10","1","0"
"1175","20","3","42","13","6","8.2","37","2","164","5","1","1"
"1176","18","0","47","10","5","7.1","27","1","142","10","4","0"
"1177","16","4","42","9","8","8.3","38","0","166","6","2","1"
"1178","23","2","45","12","4","7.2","19","0","144","8","2","0"
"1179","18","2","48","6","8","6.9","45","4","138","9","2","0"
"1180","22","3","46","8","8","7.1","29","1","142","5","2","1"
"1181","15","9","43","15","6","8.25","60","2","165","8","0","1"
"1182","27","2","49","8","3","6.15","20","1","123","9","3","0"
"1183","22","4","58","7","3","5.5","41","2","110","8","2","0"
"1184","14","7","25","11","3","8.325","50","1","111","2","2","1"
"1185","14","5","33","14","12","9.85","54","3","197","6","1","1"
"1186","17","2","48","12","10","8.64406779661017","44","3","170","10","2","0"
"1187","15","5","38","14","12","10.25","56","3","205","8","1","0"
"1188","13","6","33","14","11","10.4","52","2","208","5","0","1"
"1189","22","4","54","11","2","6.052631578947368","29","0","115","10","3","0"
"1190","20","7","48","14","1","6.566037735849056","38","0","116","3","1","1"
"1191","16","8","52","13","2","6.55","45","0","131","5","0","0"
"1192","17","5","46","12","3","7.086206896551724","36","0","137","5","1","1"
"1193","13","6","39","15","3","7.85","50","1","157","8","1","0"
"1194","19","5","45","12","9","8.452173913043477","34","0","162","5","3","1"
"1195","17","4","36","13","4","7.75","43","2","155","5","0","0"
"1196","10","6","34","12","5","8.068965517241379","56","1","156","3","1","1"
"1197","17","2","45","7","5","6.7","26","0","134","9","2","1"
"1198","14","5","40","11","2","6.6","48","1","132","7","2","0"
"1199","19","5","39","20","10","9.75","43","2","195","2","0","1"
"1200","20","5","50","10","5","6.857142857142858","54","4","136","10","2","0"
"1201","23","3","65","10","1","4.758620689655173","23","0","92","10","2","0"
"1202","21","5","40","8","1","6.2","41","1","93","3","1","1"
"1203","12","8","35","18","7","9.8","57","0","196","2","0","0"
"1204","13","10","29","22","6","10.016949152542372","62","1","197","5","1","1"
"1205","12","7","30","15","7","9.1","58","2","182","6","0","0"
"1206","19","2","38","8","14","9.3","42","3","186","4","2","1"
"1207","11","5","39","9","1","6.2","45","0","124","7","1","0"
"1208","14","7","36","12","3","7.696969696969697","53","1","127","2","1","1"
"1209","24","7","42","23","7","9.35","33","0","187","4","2","0"
"1210","17","8","33","14","12","11.579999999999998","64","3","193","1","1","1"
"1211","18","5","41","15","5","8.2","42","1","164","5","0","1"
"1212","19","8","41","11","2","7.55","53","1","151","7","2","0"
"1213","18","6","33","13","3","8.15","41","0","163","6","2","0"
"1214","21","5","40","16","4","8.512820512820513","36","0","166","5","3","1"
"1215","20","6","55","12","5","7.3","41","1","146","4","1","0"
"1216","15","7","32","12","2","7.35","45","0","147","3","0","1"
"1217","16","5","38","18","7","9.6","52","2","192","3","1","1"
"1218","17","3","37","12","9","8.6","49","4","172","7","1","0"
"1219","17","6","38","16","4","8.504347826086956","39","0","163","6","0","0"
"1220","14","8","35","15","4","8.41025641025641","48","0","164","4","0","1"
"1221","15","4","41","9","2","6.3","39","1","126","7","1","0"
"1222","19","7","45","12","1","6.626086956521739","42","0","127","5","1","1"
"1223","16","5","40","17","6","9.45","37","0","189","3","1","1"
"1224","13","6","46","15","1","7.15","48","0","143","7","0","0"
"1225","20","2","40","14","3","7.3","28","1","146","2","2","0"
"1226","12","8","25","15","5","9.25","61","2","148","2","1","1"
"1227","16","7","43","12","7","8.4","44","0","168","3","1","0"
"1228","12","4","34","13","6","8.6218487394958","40","0","171","6","0","1"
"1229","13","5","30","12","8","8.85","50","2","177","4","2","1"
"1230","17","4","44","9","8","7.95","44","2","159","7","2","0"
"1231","14","8","39","22","9","10.35","54","1","207","5","0","1"
"1232","19","7","40","17","6","8.5","49","2","170","9","3","0"
"1233","19","5","43","14","4","7.8","43","1","156","8","0","1"
"1234","18","6","45","11","5","7.45","48","2","149","8","1","0"
"1235","17","7","40","18","9","9.5","46","0","190","4","0","1"
"1236","21","4","54","12","7","7.15","35","1","143","6","3","0"
"1237","17","5","43","13","5","7.6","42","1","152","6","2","1"
"1238","19","7","37","17","1","7.55","40","0","151","3","0","0"
"1239","17","3","58","8","2","5.357142857142857","38","1","100","10","1","0"
"1240","22","3","54","7","1","5.50909090909091","31","0","101","5","2","1"
"1241","18","3","38","8","2","6.95","43","2","139","5","2","0"
"1242","19","3","35","10","2","7.11864406779661","37","1","140","5","1","1"
"1243","18","4","30","17","5","9.3","33","0","186","4","2","1"
"1244","17","9","40","15","5","8.65","48","0","173","5","1","0"
"1245","12","10","41","16","1","7.05","56","0","141","6","0","0"
"1246","13","12","30","19","3","9.391304347826086","61","0","144","4","1","1"
"1247","20","4","44","11","8","7.9","33","1","158","5","1","0"
"1248","14","7","41","14","6","8.218487394957984","53","1","163","6","1","1"
"1249","19","6","50","10","2","6","42","1","120","9","0","1"
"1250","21","5","55","12","1","5.95","37","1","119","6","1","0"
"1251","15","6","36","9","4","8","56","2","160","6","1","1"
"1252","12","6","37","14","3","7.5","47","0","150","5","1","0"
"1253","12","6","43","10","4","7.5","68","3","150","5","0","1"
"1254","12","5","43","12","4","7.15","45","0","143","8","2","0"
"1255","11","10","42","18","6","8.85","64","1","177","6","1","1"
"1256","20","3","53","13","3","6.7","33","1","134","8","2","0"
"1257","16","4","42","13","8","8.65","52","3","173","8","1","0"
"1258","19","7","42","21","5","8.7","46","1","174","8","1","1"
"1259","15","6","39","15","9","9.05","46","1","181","2","0","0"
"1260","14","6","37","17","9","9.823008849557523","46","1","185","5","0","1"
"1261","15","5","45","13","4","7.65","50","2","153","9","2","0"
"1262","13","8","35","15","1","8.176991150442479","60","1","154","4","0","1"
"1263","15","2","38","5","2","6.25","35","0","125","6","1","0"
"1264","17","6","35","13","4","7.714285714285714","49","2","126","3","2","1"
"1265","13","6","41","17","5","8.5","51","1","170","5","0","1"
"1266","16","2","44","11","4","7.25","40","1","145","8","2","0"
"1267","25","4","48","13","3","7.05","25","0","141","6","2","0"
"1268","21","5","41","9","7","7.888888888888889","35","1","142","1","0","1"
"1269","24","5","54","13","2","6.3","28","0","126","6","2","0"
"1270","24","6","56","11","5","6.864864864864865","36","0","127","6","2","1"
"1271","14","3","44","13","9","8.65","66","6","173","3","0","1"
"1272","15","8","45","14","2","6.9","50","0","138","9","3","0"
"1273","20","7","39","19","7","9.1","49","2","182","1","1","1"
"1274","17","4","35","14","4","7.75","32","0","155","4","2","0"
"1275","22","3","48","4","3","5.7","27","0","114","5","4","0"
"1276","20","6","42","11","4","7.5","45","1","115","1","0","1"
"1277","19","7","42","18","4","8.5","45","1","170","4","1","1"
"1278","20","5","43","12","0","6.25","33","0","125","9","4","0"
"1279","13","4","29","15","6","9.5","47","1","190","4","1","0"
"1280","17","6","38","21","7","9.7","44","1","194","6","2","1"
"1281","22","1","48","11","8","8.55","40","2","171","6","2","0"
"1282","22","4","42","16","7","8.796610169491524","32","0","173","5","3","1"
"1283","16","6","39","13","7","7.9","50","2","158","6","0","0"
"1284","19","5","44","14","7","8","51","3","160","5","0","1"
"1285","18","9","53","19","1","6.8","47","0","136","8","2","0"
"1286","20","5","47","18","3","7.368421052631579","37","1","140","5","4","1"
"1287","20","3","47","12","3","7","32","1","140","7","2","1"
"1288","24","3","59","9","3","5.634782608695652","26","0","108","10","1","0"
"1289","24","4","63","9","6","6","25","0","120","7","2","0"
"1290","19","8","46","18","2","7.454545454545454","43","0","123","4","0","1"
"1291","22","8","39","18","13","10.75","42","0","215","1","1","1"
"1292","14","6","34","18","8","9.7","51","2","194","9","2","0"
"1293","18","6","47","10","2","6.3","41","1","126","8","1","0"
"1294","15","5","48","10","3","6.857142857142857","58","3","128","5","0","1"
"1295","27","2","58","16","4","7.05","20","0","141","8","4","0"
"1296","24","3","60","15","7","7.909090909090909","44","3","145","4","0","1"
"1297","22","4","45","13","2","6.8","27","0","136","4","1","1"
"1298","16","1","47","1","2","5.1","40","2","102","8","1","0"
"1299","22","2","49","8","5","6.6","23","0","132","7","3","1"
"1300","22","4","58","7","6","6.15","40","2","123","9","2","0"
"1301","22","4","50","13","5","8.1","31","0","162","6","2","0"
"1302","20","6","35","16","3","8.972477064220183","44","1","163","0","0","1"
"1303","14","5","40","14","6","8.1","48","2","162","4","1","1"
"1304","16","5","46","15","3","7.2","49","2","144","8","2","0"
"1305","23","5","43","23","6","9.35","30","0","187","5","2","1"
"1306","17","7","48","14","5","7.45","54","2","149","9","1","0"
"1307","14","9","29","24","9","11.1","52","0","222","5","0","1"
"1308","12","5","36","7","7","8.07920792079208","46","1","136","10","2","0"
"1309","13","4","31","13","8","9.5","54","3","190","3","0","0"
"1310","13","6","29","18","6","9.762711864406779","56","2","192","5","1","1"
"1311","17","7","53","15","1","6.4","45","0","128","10","2","0"
"1312","20","8","45","14","2","6.910714285714286","46","1","129","4","1","1"
"1313","24","4","60","20","6","7.8","31","1","156","5","2","1"
"1314","16","3","39","10","5","7.7","38","1","154","5","0","0"
"1315","17","5","46","12","1","6.3","38","0","126","6","1","1"
"1316","21","0","54","6","2","5.52212389380531","27","1","104","10","0","0"
"1317","16","6","37","14","5","8.25","45","0","165","7","1","1"
"1318","17","4","36","13","3","8","39","1","160","6","1","0"
"1319","13","3","49","10","7","7.4","41","1","148","6","2","1"
"1320","21","4","54","11","4","6.95","36","0","139","9","2","0"
"1321","21","3","61","10","1","4.95","24","0","99","9","2","0"
"1322","14","9","29","14","1","8","56","1","100","2","1","1"
"1323","18","3","50","11","1","6.5","40","0","130","8","2","1"
"1324","14","3","37","8","1","6.5","37","0","130","7","2","1"
"1325","20","5","47","17","2","7.2","35","0","144","6","1","1"
"1326","16","2","55","9","4","6.578947368421052","40","1","125","10","2","0"
"1327","20","5","35","21","10","10.45","38","1","209","5","2","1"
"1328","16","6","40","15","5","8.25","46","1","165","9","2","0"
"1329","17","7","45","15","1","6.957983193277311","43","0","138","10","2","0"
"1330","18","5","34","14","3","8.01923076923077","38","0","139","0","0","1"
"1331","18","7","43","17","2","7.7","44","0","154","8","1","0"
"1332","22","4","53","11","11","8.943396226415095","43","3","158","2","1","1"
"1333","16","7","41","17","1","7.25","44","0","145","5","1","0"
"1334","14","5","47","10","8","7.928571428571428","64","4","148","3","1","1"
"1335","22","3","54","6","3","5.7","29","1","114","8","3","0"
"1336","22","7","56","13","1","5.948275862068966","38","0","115","7","1","1"
"1337","19","8","41","17","7","9.15","48","1","183","3","0","1"
"1338","20","7","49","11","5","7.1","40","0","142","8","4","0"
"1339","21","5","42","13","4","8.25","33","0","165","6","1","0"
"1340","21","4","39","13","4","8.3","31","0","166","6","2","1"
"1341","13","7","39","22","4","9","48","0","180","4","0","1"
"1342","9","2","35","7","3","6.6","39","1","132","7","0","0"
"1343","21","3","52","12","2","6.5840707964601775","34","1","124","10","3","0"
"1344","18","9","53","18","0","6.517241379310345","48","0","126","4","1","1"
"1345","16","9","41","16","5","7.95","48","0","159","5","0","1"
"1346","17","4","44","10","3","6.75","38","1","135","8","2","0"
"1347","20","6","39","16","3","7.85","35","0","157","9","1","1"
"1348","17","8","46","18","2","7.65","45","0","153","9","2","0"
"1349","19","7","46","17","2","7.6","43","0","152","5","1","1"
"1350","20","4","46","12","5","7.6","48","3","152","7","2","1"
"1351","24","3","50","9","2","5.95","25","0","119","8","4","1"
"1352","20","7","54","11","1","5.684210526315789","41","0","108","10","2","0"
"1353","17","9","38","18","5","8.95","58","2","179","3","0","1"
"1354","19","2","53","8","0","5.0181818181818185","26","0","92","10","2","0"
"1355","18","6","38","19","3","8.45","39","0","169","4","1","1"
"1356","22","2","53","5","1","4.742857142857143","32","1","83","10","4","0"
"1357","19","5","55","10","4","6.15","36","0","123","9","1","0"
"1358","16","2","44","11","3","6.684210526315789","33","0","127","5","1","1"
"1359","14","8","57","10","4","5.95","47","0","119","9","1","0"
"1360","22","4","44","9","4","6.469565217391304","27","0","124","6","1","1"
"1361","25","5","59","14","2","5.949152542372881","31","1","117","10","2","0"
"1362","17","7","48","13","2","6.897196261682243","48","0","123","3","0","1"
"1363","21","3","41","11","8","8.05","24","0","161","4","2","0"
"1364","14","10","26","22","3","9.705882352941176","60","1","165","1","0","1"
"1365","16","5","41","20","6","9.25","48","1","185","4","0","0"
"1366","13","8","28","16","5","9.378151260504202","55","0","186","3","2","1"
"1367","11","5","30","12","7","9.25","55","2","185","4","0","0"
"1368","9","7","21","18","4","9.378151260504202","58","2","186","5","1","1"
"1369","22","7","37","20","21","13.15","62","4","263","5","0","1"
"1370","19","6","55","15","3","6.65","43","1","133","9","4","0"
"1371","16","7","46","18","7","8.55","53","2","171","4","0","1"
"1372","25","1","51","17","7","8.2","21","1","164","7","3","0"
"1373","14","8","45","16","4","7.95","61","2","159","6","1","0"
"1374","18","4","38","9","9","8.168067226890757","42","2","162","5","1","1"
"1375","18","6","48","18","4","7.95","40","0","159","6","3","0"
"1376","12","6","49","15","6","8.067226890756302","58","2","160","5","0","1"
"1377","17","8","43","15","4","7.45","45","0","149","6","0","0"
"1378","19","6","48","16","7","8.108108108108109","45","2","150","4","2","1"
"1379","25","5","56","16","2","7.2","29","0","144","9","5","0"
"1380","22","5","43","18","5","8.186915887850468","30","0","146","2","1","1"
"1381","15","9","37","19","8","9.7","52","0","194","7","1","1"
"1382","23","5","55","13","3","6.8","35","1","136","7","1","0"
"1383","15","10","27","20","6","10","67","2","200","3","0","1"
"1384","15","11","38","21","5","9.3","63","0","186","4","2","0"
"1385","24","4","51","12","8","8.2","37","1","164","5","1","1"
"1386","16","5","48","18","1","7.45","43","0","149","4","0","0"
"1387","14","7","40","15","5","8.55","55","1","171","6","1","0"
"1388","19","8","36","16","5","8.722689075630253","45","0","173","6","1","1"
"1389","19","3","44","14","9","8.7","36","1","174","3","1","1"
"1390","14","8","47","12","9","8.5","55","1","170","10","2","0"
"1391","21","3","33","13","5","8.2","29","1","164","3","2","1"
"1392","19","5","55","9","4","6.35","46","2","127","9","4","0"
"1393","21","5","52","12","2","6.45","41","1","129","4","2","0"
"1394","20","6","42","15","1","7.222222222222222","36","0","130","3","1","1"
"1395","23","5","60","14","4","6.8","37","1","136","7","3","0"
"1396","19","5","42","13","4","7.682242990654206","34","0","137","3","2","1"
"1397","18","3","32","14","8","9.3","36","1","186","4","1","1"
"1398","16","5","34","18","5","8.55","36","0","171","6","2","0"
"1399","18","3","36","17","6","9.35","30","0","187","3","0","1"
"1400","13","3","43","9","11","8.5","39","1","170","9","1","0"
"1401","18","4","43","11","2","6.6","34","0","132","6","2","0"
"1402","17","6","40","11","5","7.673076923076923","48","1","133","2","1","1"
"1403","25","2","66","4","1","4.173913043478261","26","1","80","10","1","0"
"1404","16","6","39","8","1","5.785714285714286","41","0","81","4","2","1"
"1405","20","5","49","15","8","8.7","31","0","174","5","1","0"
"1406","17","7","32","21","5","9.688073394495412","46","0","176","3","1","1"
"1407","24","3","57","11","6","6.95","32","1","139","5","0","1"
"1408","21","3","51","6","1","5.1521739130434785","32","1","79","10","4","0"
"1409","13","10","50","20","5","8.9","61","0","178","4","0","0"
"1410","17","9","36","20","5","9.176470588235295","53","1","182","5","0","1"
"1411","16","6","39","10","7","8.05","40","0","161","6","1","0"
"1412","20","6","42","17","7","9.169811320754716","47","2","162","3","1","1"
"1413","20","7","49","19","2","7.7","42","0","154","4","2","0"
"1414","18","7","29","15","2","8.69158878504673","49","0","155","1","0","1"
"1415","20","7","47","20","4","8.5","41","0","170","6","0","1"
"1416","19","5","55","9","4","5.7272727272727275","38","1","105","10","1","0"
"1417","19","5","33","21","10","11.15","50","3","223","3","1","1"
"1418","16","6","48","11","6","7.3","49","1","146","8","2","0"
"1419","18","6","40","13","2","7.25","37","0","145","6","1","0"
"1420","16","6","39","12","5","7.7368421052631575","38","0","147","2","1","1"
"1421","14","8","43","16","2","7.6","50","0","152","6","1","1"
"1422","18","4","50","4","4","5.435897435897436","34","0","106","10","2","0"
"1423","21","7","38","19","6","9.15","40","0","183","4","2","1"
"1424","19","10","42","24","3","8.95","49","0","179","7","2","0"
"1425","19","5","48","5","3","5.6","36","0","112","8","2","0"
"1426","21","4","52","11","3","6.159292035398231","37","1","116","5","2","1"
"1427","21","5","48","14","5","7.5","37","1","150","7","2","1"
"1428","18","7","60","11","3","6","41","0","120","9","1","0"
"1429","21","2","44","5","2","5.75","22","0","115","9","1","0"
"1430","22","4","58","13","1","6","31","0","116","5","2","1"
"1431","20","5","49","16","0","7.05","37","0","141","4","0","0"
"1432","25","3","47","11","9","8.388349514563107","24","0","144","5","3","1"
"1433","19","5","49","10","2","6","40","1","120","7","2","0"
"1434","15","10","42","16","1","7.117647058823529","56","0","121","5","3","1"
"1435","17","7","35","18","5","8.9","52","1","178","3","1","0"
"1436","18","6","39","13","10","9.435897435897436","39","0","184","4","1","1"
"1437","16","3","40","11","9","8.5","42","2","170","4","1","1"
"1438","21","1","43","15","4","8.15","33","0","163","7","3","0"
"1439","15","5","37","11","5","8.4","47","1","168","4","0","1"
"1440","20","7","49","9","4","6.75","49","2","135","9","2","0"
"1441","19","3","43","15","6","8.3","49","4","166","8","1","1"
"1442","22","4","54","16","4","7.6","29","0","152","7","4","0"
"1443","15","8","41","21","6","9.5","58","2","190","3","0","0"
"1444","18","7","31","19","8","10.777777777777779","41","0","194","4","2","1"
"1445","21","1","39","7","2","6.8","21","0","136","9","3","1"
"1446","20","2","58","7","4","5.65","33","2","113","9","0","0"
"1447","23","7","43","24","5","9.15","35","0","183","8","2","1"
"1448","16","6","50","11","5","6.939130434782609","51","2","133","9","2","0"
"1449","17","4","41","13","8","8.6","40","1","172","5","1","1"
"1450","20","6","52","13","2","6.7","47","1","134","9","2","0"
"1451","10","6","15","10","8","13.25","76","6","106","2","1","1"
"1452","11","4","15","6","5","10.25","56","3","82","6","3","0"
"1453","21","3","52","10","3","6.5","33","0","130","7","1","0"
"1454","16","6","46","11","4","7.008849557522124","45","1","132","5","0","1"
"1455","14","7","24","17","7","9.6","47","0","192","1","0","1"
"1456","15","7","43","10","7","7.7142857142857135","56","2","144","10","1","0"
"1457","23","4","53","11","4","6.6","27","0","132","7","2","0"
"1458","19","7","57","12","6","6.982758620689656","44","1","135","6","1","1"
"1459","20","8","45","23","1","8.25","42","0","165","6","0","0"
"1460","16","6","42","15","6","8.521008403361344","45","1","169","6","0","1"
"1461","21","6","49","18","3","7.4","34","0","148","9","3","1"
"1462","19","5","62","8","6","6.25","35","0","125","9","4","0"
"1463","19","1","42","15","5","8.15","31","1","163","5","1","1"
"1464","20","3","52","8","2","6.1","32","1","122","7","1","0"
"1465","20","2","43","10","4","7.25","30","1","145","4","3","0"
"1466","18","8","41","10","9","8.673267326732674","50","1","146","2","1","1"
"1467","13","7","34","15","10","10.25","70","3","205","4","0","0"
"1468","13","12","30","26","5","10.938053097345133","64","0","206","4","3","1"
"1469","14","3","38","6","2","6.65","41","0","133","6","1","0"
"1470","19","3","45","14","1","6.923076923076923","30","0","135","6","2","1"
"1471","14","5","48","8","0","5.75","49","0","115","9","1","0"
"1472","22","4","42","12","1","6.628571428571429","30","0","116","3","3","1"
"1473","20","1","35","15","2","8.3","31","0","166","5","2","0"
"1474","15","6","40","13","6","8.564102564102564","49","0","167","6","2","1"
"1475","18","5","46","16","10","9.55","54","2","191","5","1","0"
"1476","15","2","29","11","12","10.339285714285714","39","2","193","3","2","1"
"1477","15","3","33","14","5","8.85","34","0","177","7","1","1"
"1478","21","2","46","7","0","5.361702127659575","24","0","84","9","3","0"
"1479","21","6","46","14","13","9.65","43","2","193","6","0","1"
"1480","18","5","47","6","4","6.258620689655173","45","1","121","10","3","0"
"1481","16","6","48","10","3","7","51","2","140","6","1","1"
"1482","22","3","53","7","6","6.705882352941177","38","2","133","10","2","0"
"1483","16","6","38","7","6","7.5","42","0","150","7","2","1"
"1484","17","9","49","19","1","7.4","49","0","148","5","0","0"
"1485","14","8","37","16","8","9.2","55","1","184","1","0","1"
"1486","13","4","35","18","6","9","44","1","180","4","0","0"
"1487","21","5","42","12","4","7.05","31","0","141","7","2","0"
"1488","18","5","46","9","7","7.473684210526316","51","3","142","3","0","1"
