"dataId","dotsInDo","dotsInMO","dotsInPP","foursInPP","highIndvRuns","highIndvWickets","numOfBowledDel","numOfCaughtDel","numOfDots","numOfFifties","numOfFours","numOfRunOutDel","numOfSixes","numOfStumpedDel","numOfThirties","runRate","runsInDO","runsInMO","runsPowerPlay","sixesInPP","totalRuns","totalWickets","wicketsPowerPlay","result"
"1","7","12","17","7","170","2","0","3","36","1","16","0","14","0","1","11.1","68","93","61","3","222","3","0","1"
"2","1","28","21","1","24","4","3","6","50","0","4","1","3","0","0","5.3478260869565215","1","55","26","1","82","10","0","0"
"3","4","11","19","8","117","3","2","2","34","1","19","0","16","0","3","12","79","108","53","1","240","5","0","1"
"4","4","7","12","7","73","2","0","4","23","2","18","0","9","0","2","10.35","42","102","63","3","207","4","0","0"
"5","14","20","20","6","34","4","3","2","54","0","14","2","3","0","1","6.45","33","56","40","1","129","8","0","0"
"6","0","13","18","10","62","2","1","0","31","2","18","0","1","0","2","8.703296703296704","0","73","55","1","132","1","0","1"
"7","5","19","21","8","48","5","1","3","45","0","19","1","5","1","2","8.25","60","58","47","1","165","7","0","0"
"8","6","15","15","6","41","3","1","4","36","0","15","0","6","0","2","8.369747899159664","48","78","40","0","166","5","0","1"
"9","10","31","21","2","36","5","1","8","62","0","6","1","6","0","1","5.892857142857142","33","38","39","2","110","10","0","0"
"10","9","32","20","3","46","3","1","3","61","0","7","0","4","0","2","5.894736842105263","31","55","26","0","112","5","0","1"
"11","12","21","21","8","56","4","3","1","54","1","18","1","7","1","1","8.3","51","61","54","3","166","8","0","0"
"12","6","20","21","5","78","2","1","2","47","1","16","0","7","0","2","9.247706422018348","26","89","53","2","168","4","0","1"
"13","7","23","26","2","64","3","2","4","56","1","12","1","5","0","1","7.1","69","48","25","1","142","8","0","0"
"14","0","12","14","8","102","2","0","1","26","1","15","0","6","0","2","10.860759493670887","0","94","48","0","143","1","0","1"
"15","6","12","19","9","90","3","1","3","37","2","24","1","6","0","3","10.4","65","90","53","1","208","5","0","1"
"16","8","14","16","8","46","3","2","4","38","0","20","1","8","0","2","10.1","68","82","52","1","202","7","0","0"
"17","6","12","19","11","122","3","1","3","37","1","24","0","9","1","2","10.7","66","90","58","1","214","5","0","0"
"18","6","14","14","8","74","4","2","4","34","2","18","1","14","0","3","10.941176470588236","58","86","73","5","217","7","0","1"
"19","12","13","15","8","97","5","0","7","40","1","18","2","5","0","1","9.1","44","78","60","1","182","10","0","1"
"20","24","25","20","5","24","3","3","3","69","0","12","1","4","0","0","5.8","15","62","39","1","116","9","0","0"
"21","13","32","19","8","47","4","0","6","64","0","12","2","7","0","2","6.75","40","38","57","3","135","8","0","0"
"22","8","20","16","8","64","2","0","3","44","2","22","0","2","0","2","8.03883495145631","17","76","45","0","138","3","0","1"
"23","7","25","17","8","46","4","2","6","49","0","14","1","4","0","1","7.35","43","43","61","3","147","9","0","0"
"24","1","12","21","7","81","2","0","1","34","1","12","0","5","0","3","8.941176470588236","31","76","45","0","152","1","0","1"
"25","6","17","26","4","36","3","1","6","49","0","14","0","5","0","3","7.7","55","72","27","0","154","7","0","0"
"26","0","6","15","9","117","1","0","0","21","1","14","0","11","0","2","12.916666666666666","0","94","60","2","155","0","0","1"
"27","4","21","14","7","43","4","2","4","39","0","18","1","2","0","1","7.9","51","62","45","0","158","8","0","0"
"28","9","22","15","10","81","3","1","3","46","1","19","1","3","0","2","8.307692307692308","39","68","55","0","162","6","0","1"
"29","7","18","18","5","65","4","1","3","43","1","17","1","8","0","2","8.9","76","66","36","0","178","5","0","1"
"30","7","11","17","4","54","4","2","5","35","2","14","2","5","0","2","8.389830508474576","33","87","45","2","165","10","0","0"
"31","5","28","20","6","40","5","0","6","53","0","16","1","3","0","2","6.85","50","47","40","1","137","8","0","0"
"32","7","18","27","7","67","2","2","1","52","1","18","0","2","0","2","7.392857142857142","28","72","38","1","138","3","0","1"
"33","7","11","13","9","88","3","2","2","31","2","21","1","5","0","2","9.55","40","93","58","1","191","5","0","1"
"34","7","12","13","5","61","5","1","4","32","1","17","0","7","0","4","9.05","47","79","55","3","181","5","0","0"
"35","9","18","13","7","77","5","2","5","40","2","19","1","3","0","2","8.2","53","61","50","0","164","8","0","0"
"36","3","14","15","6","88","2","1","1","32","1","21","1","2","0","2","8.789473684210526","38","88","41","0","167","3","0","1"
"37","7","11","19","7","62","5","4","1","37","2","23","1","5","0","3","9.8","54","97","45","1","196","7","0","1"
"38","5","14","17","5","54","4","3","4","36","1","8","3","6","0","2","7.878260869565217","23","77","51","2","151","10","0","0"
"39","10","17","17","6","52","2","1","4","44","1","16","1","5","0","2","8.45","43","79","47","0","169","6","0","0"
"40","9","15","12","7","77","2","1","1","36","2","16","0","4","0","2","9.052631578947368","30","78","64","3","172","2","0","1"
"41","14","22","15","4","55","5","2","5","51","1","14","2","7","1","2","8.25","42","82","41","0","165","10","0","0"
"42","3","17","18","8","37","3","0","3","38","0","19","2","7","0","4","9","65","63","43","0","171","5","0","1"
"43","5","21","16","9","42","3","1","2","42","0","23","1","4","2","3","8.9","59","70","49","0","178","6","0","1"
"44","4","17","25","3","73","3","2","3","46","2","9","0","9","0","2","8.45","68","70","31","1","169","6","0","0"
"45","10","23","17","8","36","4","3","5","50","0","15","0","8","0","3","8.1","50","62","50","1","162","8","0","1"
"46","12","11","20","3","40","4","0","8","43","0","9","1","5","0","1","7.061946902654868","19","77","37","2","133","10","0","0"
"47","16","22","23","7","41","6","4","4","61","0","13","0","1","0","1","5.7368421052631575","18","53","38","0","109","10","0","0"
"48","0","20","19","8","52","2","0","2","39","1","11","0","2","0","2","7.674418604651162","0","54","54","0","110","2","0","1"
"49","14","17","27","4","67","4","2","4","58","1","16","3","1","0","2","6.517241379310345","29","71","26","0","126","10","0","0"
"50","11","24","16","6","49","3","1","3","51","0","14","0","3","0","2","6.864864864864865","18","57","52","2","127","4","0","1"
"51","5","26","22","5","32","3","1","6","53","0","13","0","5","0","2","7.2","58","52","34","0","144","7","0","0"
"52","7","24","19","5","56","2","1","2","50","1","14","0","7","0","2","8.222222222222221","33","65","50","3","148","3","0","1"
"53","7","20","16","5","42","4","4","5","43","0","9","0","2","1","2","6.306122448979592","1","54","48","2","103","10","0","0"
"54","1","21","22","0","38","3","1","2","44","0","7","0","3","0","2","6.709677419354839","2","68","34","2","104","3","0","1"
"55","4","11","11","7","84","3","2","3","26","2","22","0","3","0","2","9.35","54","83","50","0","187","5","0","0"
"56","3","18","12","9","48","3","0","5","33","0","20","1","5","0","4","9.4","46","80","62","1","188","6","0","1"
"57","2","19","19","4","28","4","2","2","40","0","12","2","5","0","0","8.0625","14","74","41","1","129","7","0","1"
"58","1","14","21","6","53","2","1","1","36","1","15","2","2","0","2","7.75","13","76","35","0","124","4","0","0"
"59","11","19","17","8","60","3","0","5","47","1","15","2","3","0","1","7","37","53","50","1","140","8","0","0"
"60","2","17","14","5","73","2","0","2","33","1","16","0","2","0","2","8.8125","12","79","50","2","141","2","0","1"
"61","8","25","16","4","33","6","1","6","49","0","10","1","2","0","1","6.777777777777778","30","56","36","0","122","9","0","0"
"62","3","22","18","2","56","2","0","1","43","2","10","0","6","0","2","7.875","9","78","39","1","126","1","0","1"
"63","6","17","17","6","70","3","0","4","40","2","14","0","7","0","2","9.05","37","91","53","1","181","4","0","1"
"64","13","15","18","3","60","6","1","8","46","1","8","0","10","0","2","8.15","48","80","35","1","163","9","0","0"
"65","4","20","18","8","92","2","0","3","42","2","22","1","9","0","2","10.2","86","75","43","0","204","4","0","1"
"66","9","22","17","9","77","4","1","6","48","1","16","0","8","0","2","9.05","56","70","55","0","181","7","0","0"
"67","8","21","12","6","40","3","2","4","41","0","10","1","5","0","1","7.8","60","49","47","0","156","7","0","0"
"68","10","13","24","2","82","4","3","1","47","1","13","3","6","0","2","8.295652173913043","39","99","21","0","159","7","0","1"
"69","9","15","18","7","41","4","5","1","42","0","14","1","2","0","1","7.15","41","52","50","1","143","8","0","0"
"70","1","15","16","1","78","2","0","1","32","1","13","0","7","0","2","9.191489361702128","3","99","42","3","144","1","0","1"
"71","7","17","19","5","53","3","1","4","43","1","10","1","3","0","2","6.65","38","60","35","0","133","6","0","1"
"72","9","18","19","6","31","5","2","5","46","0","13","2","0","0","1","6.111111111111111","13","60","37","0","110","10","0","0"
"73","5","29","22","4","56","4","2","4","56","1","21","0","3","0","2","7.8","67","61","28","0","156","6","0","0"
"74","0","20","17","4","123","2","1","0","37","1","12","0","12","0","1","11.421686746987952","0","76","78","8","158","1","0","1"
"75","9","14","18","9","121","3","0","2","41","2","20","1","14","0","3","11.05","77","93","51","1","221","3","0","1"
"76","11","12","20","7","59","4","4","3","43","1","18","0","8","0","2","9","40","102","38","0","180","7","0","0"
"77","7","9","15","4","82","3","0","2","31","2","18","1","6","1","2","9.7","56","90","48","2","194","4","0","1"
"78","6","21","12","7","35","5","2","6","39","0","15","0","9","1","3","9.1","54","57","71","4","182","9","0","0"
"79","2","31","26","2","16","5","2","7","59","0","7","1","1","0","0","4.369565217391304","0","40","27","1","67","10","0","0"
"80","0","0","14","8","54","2","0","2","14","1","9","0","2","0","1","12","0","0","64","2","68","2","0","1"
"81","0","9","15","7","56","3","1","3","24","1","10","0","6","0","2","10.727272727272727","0","49","68","3","118","4","0","1"
"82","0","2","9","4","37","2","0","3","11","0","4","0","8","0","1","11.75","0","15","73","6","94","3","0","0"
"83","2","16","16","7","90","2","0","1","34","2","21","0","3","0","3","9.85","54","92","51","1","197","1","0","1"
"84","14","20","25","3","78","4","2","7","59","1","10","0","6","0","1","6.6","49","60","23","0","132","9","0","0"
"85","7","19","17","9","40","4","2","4","43","0","18","0","6","0","3","8.9","64","57","57","2","178","7","0","1"
"86","8","17","22","5","60","4","1","4","47","1","13","1","6","0","2","7.65","47","74","32","0","153","7","0","0"
"87","8","18","19","5","80","5","3","1","45","1","15","0","3","0","2","7.45","48","66","35","0","149","5","0","1"
"88","0","3","17","7","33","1","0","0","21","0","8","0","0","0","1","6.875","0","12","43","0","55","0","0","0"
"89","9","22","22","4","54","4","2","3","53","1","14","2","6","0","3","7.7","52","61","41","1","154","7","0","0"
"90","8","19","10","13","48","3","0","3","37","0","20","1","3","1","2","8.618181818181819","31","56","71","0","158","5","0","1"
"91","7","22","22","5","33","4","2","4","51","0","13","1","6","0","2","7.35","45","70","32","0","147","8","0","0"
"92","2","18","18","6","52","3","1","3","38","1","17","0","5","0","2","8.910891089108912","22","86","42","1","150","4","0","1"
"93","10","14","18","4","88","3","1","3","42","2","18","0","8","0","2","9.45","55","91","43","2","189","4","0","1"
"94","10","15","16","7","71","4","0","4","41","1","18","5","5","0","1","9.4","44","76","68","3","188","10","0","0"
"95","8","20","23","3","49","5","2","5","51","0","14","0","1","0","1","6.3","50","53","23","0","126","8","0","1"
"96","21","22","24","4","47","4","1","5","67","0","9","1","2","0","2","5.6","20","48","44","1","112","8","0","0"
"97","6","22","16","7","52","2","3","1","44","2","14","0","9","0","3","8.75","64","69","42","0","175","4","0","0"
"98","6","15","11","8","61","3","0","4","32","2","13","0","8","0","2","9.128205128205128","43","61","74","4","178","4","0","1"
"99","5","24","16","8","70","6","2","5","45","1","18","1","7","0","2","8.8","53","63","60","3","176","8","0","0"
"100","9","14","16","7","58","3","2","2","39","1","20","1","6","0","2","9.025210084033613","49","74","56","3","179","5","0","1"
"101","8","10","12","10","93","3","0","3","30","2","21","2","9","0","3","10.55","44","100","67","2","211","5","0","1"
"102","8","11","16","8","74","4","1","4","35","2","19","1","8","1","3","10.05","44","92","65","4","201","7","0","0"
"103","10","10","14","7","46","4","3","3","34","0","15","1","4","0","2","7.8","42","68","46","0","156","8","0","1"
"104","7","13","20","5","60","3","0","4","40","2","15","0","5","0","2","7.65","41","79","33","0","153","6","0","0"
"105","11","15","16","6","67","5","2","1","42","1","17","1","5","0","2","8.7","41","86","47","0","174","6","0","0"
"106","6","25","19","9","90","3","2","4","50","1","18","0","9","0","1","8.898305084745763","71","53","51","1","175","7","0","1"
"107","11","13","22","2","42","5","2","3","46","0","14","0","1","1","2","7.25","48","68","29","0","145","7","0","0"
"108","4","19","19","5","45","3","0","3","42","0","13","2","2","0","1","7.3","56","54","36","0","146","5","0","1"
"109","6","16","21","3","52","4","2","5","43","1","14","1","3","0","2","7.35","54","67","26","0","147","8","0","0"
"110","7","19","20","8","60","2","0","3","46","1","16","0","3","0","2","7.655172413793104","34","70","44","0","148","3","0","1"
"111","11","18","17","10","54","4","2","5","46","1","19","1","10","1","3","9.6","50","84","58","1","192","9","0","1"
"112","5","26","18","2","34","4","1","8","49","0","9","1","1","0","1","5.381443298969072","5","54","28","0","87","10","0","0"
"113","8","34","20","3","30","4","2","5","62","0","11","1","2","0","1","5.6","44","33","35","1","112","8","0","0"
"114","0","16","21","6","56","2","0","1","37","2","13","0","4","0","2","7.820224719101123","0","77","35","0","116","1","0","1"
"115","6","16","15","4","43","4","0","5","37","0","9","0","7","0","3","8.15","46","75","42","1","163","5","0","0"
"116","7","20","16","6","60","4","2","3","43","1","13","2","5","0","3","8.2","52","71","41","0","164","7","0","1"
"117","6","14","15","6","60","3","1","5","35","1","19","1","3","0","2","8.25","60","65","40","0","165","7","0","1"
"118","9","16","21","5","44","4","2","5","46","0","11","0","6","0","3","7.3","38","68","40","1","146","7","0","0"
"119","13","22","20","3","70","4","4","4","55","1","15","0","2","0","2","6.65","46","58","29","0","133","8","0","1"
"120","0","29","29","0","13","6","1","7","59","0","1","1","2","1","0","3.8241758241758244","0","44","14","0","58","10","0","0"
"121","0","18","9","3","42","5","0","4","28","0","5","2","7","0","1","8.666666666666666","0","37","67","5","104","7","0","0"
"122","0","0","9","6","36","1","0","0","9","0","6","0","3","0","1","11.6","0","0","52","2","58","0","0","1"
"123","10","28","28","2","32","5","2","5","66","0","7","1","4","2","1","5.135593220338983","37","43","21","1","101","10","0","0"
"124","0","14","22","5","46","3","0","1","36","0","11","1","4","0","2","7.89873417721519","0","63","37","1","104","2","0","1"
"125","9","15","10","7","73","3","2","2","34","1","16","1","6","0","2","8.95","44","67","68","3","179","5","0","1"
"126","1","30","17","7","27","5","2","4","48","0","9","1","1","1","0","5.673913043478261","2","39","46","0","87","10","0","0"
"127","10","19","17","7","47","3","0","5","46","0","15","1","4","0","2","7.9","41","71","46","1","158","6","0","1"
"128","0","9","16","3","48","2","0","1","26","0","3","0","6","0","1","8.464285714285714","0","19","60","5","79","1","0","0"
"129","10","16","13","8","78","3","0","4","39","2","10","1","12","0","2","9.2","45","77","62","3","184","6","0","1"
"130","9","20","19","4","54","4","1","5","48","1","17","1","4","1","2","8","51","78","31","0","160","8","0","0"
"131","5","16","14","7","105","3","0","5","35","2","16","0","8","0","2","9.45","66","64","59","3","189","5","0","1"
"132","9","14","8","7","61","4","0","6","31","1","15","3","5","0","2","9","32","87","61","1","180","9","0","0"
"133","11","14","20","7","44","3","1","5","45","0","11","0","5","0","1","7.5","43","53","54","3","150","6","0","0"
"134","7","21","23","2","54","5","0","7","51","1","10","1","5","0","2","7.5","52","60","38","3","150","8","0","0"
"135","8","19","19","7","65","5","2","6","46","1","17","0","5","0","3","8.4","50","69","49","1","168","9","0","0"
"136","2","13","8","2","92","3","0","2","23","1","10","1","7","0","2","9.105263157894736","64","65","44","0","173","3","0","1"
"137","9","14","16","7","63","4","3","4","39","1","13","1","7","0","3","8.4","31","82","55","2","168","9","0","1"
"138","8","16","18","5","52","4","1","5","42","1","10","0","7","0","2","7.8","48","58","50","2","156","7","0","0"
"139","9","20","16","3","37","4","2","3","45","0","9","1","5","0","3","7.45","49","55","45","1","149","7","0","0"
"140","3","18","14","2","70","3","1","3","35","1","10","0","4","0","1","7.758620689655173","51","56","43","2","150","4","0","1"
"141","10","17","23","6","63","4","1","3","50","1","12","2","3","0","2","6.95","41","60","38","0","139","6","0","1"
"142","7","22","23","5","42","4","2","5","52","0","10","0","0","0","2","5.6","30","50","32","0","112","7","0","0"
"143","10","20","15","8","53","3","2","4","45","1","16","0","6","0","2","8.25","52","51","62","2","165","6","0","0"
"144","6","17","14","8","76","3","0","3","37","1","13","0","7","0","2","8.666666666666666","40","60","69","4","169","4","0","1"
"145","8","14","20","4","76","4","0","4","42","2","11","1","10","0","2","9.35","36","90","61","4","187","6","0","1"
"146","2","19","19","5","34","4","3","6","40","0","8","0","2","0","1","6.195652173913043","0","48","47","2","95","9","0","0"
"147","11","14","19","6","51","3","3","3","44","1","14","0","3","0","2","7.15","42","59","42","1","143","7","0","0"
"148","4","17","26","5","66","4","0","2","47","1","11","1","7","1","2","7.945945945945946","51","63","33","1","147","5","0","1"
"149","4","18","21","6","46","3","0","4","43","0","12","0","2","0","2","6.95","45","49","45","1","139","6","0","0"
"150","8","16","19","7","47","4","0","5","43","0","12","0","3","0","1","7.2100840336134455","45","52","46","0","143","5","0","1"
"151","9","13","20","1","52","3","2","4","42","1","5","1","2","1","1","5.95","33","60","26","1","119","8","0","1"
"152","7","23","24","2","64","3","1","5","54","1","7","0","1","0","1","5.8","35","58","23","0","116","7","0","0"
"153","9","14","22","6","52","4","1","5","45","1","13","2","3","0","1","7.4","30","81","37","0","148","9","0","0"
"154","6","19","20","7","60","3","0","2","45","1","14","0","4","0","2","7.894736842105263","49","60","41","0","150","4","0","1"
"155","5","21","19","3","104","3","1","3","45","1","15","0","6","1","2","8.2","60","64","40","2","164","5","0","1"
"156","12","19","16","4","39","5","0","7","47","0","12","0","2","0","2","6.461538461538462","28","60","38","1","126","9","0","0"
"157","3","22","17","3","57","2","1","5","42","1","8","0","6","0","2","7.4","60","48","40","1","148","6","0","1"
"158","5","15","23","4","79","4","3","2","43","1","10","1","3","0","2","6.95","41","72","26","0","139","6","0","0"
"159","10","22","20","2","36","5","2","6","52","0","13","0","5","0","2","7.25","45","62","38","2","145","9","0","1"
"160","10","27","19","4","52","3","2","4","56","1","13","1","4","0","1","6.85","42","60","35","0","137","7","0","0"
"161","10","19","22","6","43","2","0","4","51","0","11","0","5","0","3","7.05","39","63","39","1","141","5","0","0"
"162","5","18","26","5","41","3","0","5","49","0","12","1","5","0","2","7.220338983050847","44","68","30","0","142","7","0","1"
"163","11","17","16","6","49","5","2","7","44","0","16","1","5","0","2","8.15","33","77","53","2","163","10","0","1"
"164","20","16","16","6","53","5","4","3","52","2","15","0","4","1","2","7.25","25","71","49","1","145","8","0","0"
"165","3","20","23","3","73","3","0","3","46","1","16","0","3","0","1","7.65","61","64","28","0","153","3","0","0"
"166","7","18","16","2","59","3","0","4","41","1","13","0","4","0","2","7.7","38","65","51","4","154","4","0","1"
"167","3","20","24","3","56","4","0","4","47","2","13","0","3","0","3","7.45","63","61","25","0","149","4","0","0"
"168","4","17","22","7","74","2","0","1","43","2","14","0","4","0","2","8.256880733944953","28","71","51","2","150","1","0","1"
"169","5","13","17","5","61","2","0","3","35","1","15","0","7","0","4","8.9","48","77","53","3","178","3","0","1"
"170","0","22","20","2","51","5","2","6","43","1","6","0","6","0","1","6.818181818181818","0","48","52","5","100","10","0","0"
"171","6","18","16","6","76","3","0","4","40","2","24","0","8","0","3","10.55","75","79","57","3","211","4","0","1"
"172","15","24","20","4","58","3","1","5","59","1","11","0","4","1","1","6.65","37","67","29","0","133","8","0","0"
"173","5","23","16","4","75","3","1","2","44","1","13","0","4","0","3","7.7","51","49","54","3","154","3","0","0"
"174","7","19","15","8","74","2","0","1","41","1","17","0","2","0","3","8.263157894736842","43","57","57","1","157","1","0","1"
"175","6","16","22","3","40","3","2","3","44","0","8","1","6","0","1","7.25","46","62","37","2","145","6","0","1"
"176","10","21","20","4","54","5","3","4","51","1","11","0","3","1","2","6.3","26","59","41","2","126","8","0","0"
"177","13","23","23","2","19","5","3","5","59","0","6","1","3","0","0","5.25","29","47","29","1","105","10","0","0"
"178","0","20","21","5","53","2","1","1","41","1","10","1","3","0","1","7.133333333333334","0","72","31","0","107","3","0","1"
"179","3","18","16","8","95","2","0","3","37","2","20","0","9","0","3","10.277777777777779","40","88","57","2","185","3","0","1"
"180","1","11","14","3","62","2","1","2","26","2","12","0","8","0","3","9.666666666666666","26","95","53","3","174","3","0","0"
"181","12","23","21","2","40","5","2","5","56","0","7","3","3","0","1","5.8","42","44","30","0","116","10","0","0"
"182","8","24","16","2","47","2","0","2","48","0","11","0","2","1","1","6.265486725663717","44","38","36","1","118","3","0","1"
"183","3","27","17","5","63","2","0","4","47","1","9","1","9","0","2","8.4","68","48","52","2","168","5","0","0"
"184","3","14","14","5","44","3","1","4","31","0","11","2","7","0","2","8.521008403361344","50","74","45","1","169","7","0","1"
"185","9","21","19","3","32","3","1","2","49","0","11","1","5","2","1","7","41","65","34","1","140","7","0","0"
"186","5","23","22","3","64","2","0","1","50","2","14","0","4","1","2","7.690909090909091","44","60","37","2","141","3","0","1"
"187","3","16","21","4","65","2","0","1","40","2","10","0","4","0","3","7.85","53","58","46","1","157","2","0","1"
"188","8","17","21","7","52","4","1","3","46","1","10","1","3","2","1","7.05","41","61","39","0","141","7","0","0"
"189","8","28","21","2","48","4","0","6","57","0","6","0","5","1","2","6.15","46","40","37","2","123","8","0","0"
"190","0","21","19","7","43","3","0","3","40","0","14","0","1","0","2","7.281553398058252","25","53","47","1","125","3","0","1"
"191","6","12","18","3","48","4","1","4","36","0","8","0","8","1","1","8.3","58","66","42","2","166","7","0","1"
"192","10","16","25","5","46","4","3","2","51","0","10","3","1","1","1","5.794871794871795","18","65","30","0","113","10","0","0"
"193","4","14","22","6","91","3","1","3","40","1","17","0","5","0","2","8.65","71","64","38","1","173","4","0","0"
"194","6","18","18","6","77","3","1","3","42","1","15","0","6","0","2","9.10344827586207","57","73","46","1","176","4","0","1"
"195","16","27","21","5","49","3","2","4","64","0","10","3","3","0","1","5.95","27","41","51","3","119","9","0","0"
"196","4","22","21","4","75","2","0","1","47","1","12","0","4","0","2","7.469387755102042","9","71","42","2","122","2","0","1"
"197","8","19","18","7","51","4","0","6","45","1","16","1","6","0","3","8.65","64","53","56","2","173","7","0","1"
"198","13","14","17","6","63","5","4","5","44","1","13","1","7","0","3","8.186440677966102","27","84","50","2","161","10","0","0"
"199","14","19","15","8","64","4","1","7","48","1","12","2","3","0","1","6.5593220338983045","24","53","52","1","129","10","0","0"
"200","7","23","21","5","51","3","0","5","51","1","12","1","4","0","2","6.711864406779661","41","58","33","0","132","8","0","1"
"201","15","17","16","6","55","3","1","5","48","1","16","1","3","0","2","7.25","22","81","42","0","145","7","0","1"
"202","9","16","19","2","45","5","2","3","44","0","10","3","2","0","2","7.2100840336134455","45","72","26","0","143","10","0","0"
"203","12","21","20","5","33","4","1","7","53","0","7","1","1","0","2","6","23","59","38","0","120","9","0","0"
"204","11","28","24","5","47","2","1","3","63","0","12","0","4","0","1","6.4173913043478255","37","49","37","1","123","4","0","1"
"205","4","20","19","6","66","4","1","2","43","1","9","2","6","0","3","7.35","51","47","49","2","147","5","0","0"
"206","4","16","25","4","81","2","1","1","45","1","13","0","4","0","1","7.810344827586207","49","67","35","2","151","3","0","1"
"207","7","17","21","2","50","3","0","4","45","1","10","1","6","0","3","8","71","58","31","1","160","5","0","0"
"208","4","19","20","7","46","2","0","2","43","0","13","2","6","0","3","8.3","61","55","50","2","166","4","0","1"
"209","10","17","21","3","58","4","1","5","48","1","10","1","3","0","1","6.7","40","55","39","2","134","7","0","1"
"210","12","29","21","8","45","4","4","1","62","0","11","1","4","2","1","6.65","47","40","46","1","133","8","0","0"
"211","4","13","20","4","81","3","2","0","37","1","11","0","1","0","2","7.5","55","60","35","0","150","3","0","1"
"212","13","16","23","2","44","4","1","6","52","0","13","0","1","2","1","6.8","43","69","24","0","136","9","0","0"
"213","6","15","14","9","55","2","0","1","35","1","17","2","6","0","4","9.4","65","69","54","0","188","3","0","0"
"214","3","19","19","8","86","3","2","0","41","2","17","1","8","0","2","9.45","58","75","56","2","189","3","0","1"
"215","3","14","19","4","32","4","2","5","36","0","8","0","1","0","1","6.7","45","52","37","1","134","7","0","0"
"216","8","10","23","3","59","3","1","2","41","1","8","0","5","0","2","7.105263157894737","33","75","27","1","135","3","0","1"
"217","13","29","23","5","19","4","3","3","65","0","7","3","3","0","0","5.05","22","33","46","3","101","9","0","0"
"218","6","31","25","5","52","3","0","3","62","1","9","1","2","1","1","5.230769230769231","37","36","29","0","102","6","0","1"
"219","15","23","15","8","32","4","4","3","53","0","11","2","2","0","1","5.8","20","46","50","1","116","9","0","1"
"220","13","26","21","2","28","3","3","4","60","0","5","0","1","0","0","4.6","33","30","29","1","92","8","0","0"
"221","6","15","24","4","67","4","2","3","45","2","19","1","2","0","2","8.25","56","79","30","0","165","8","0","0"
"222","8","19","9","9","56","5","2","4","36","1","17","0","6","0","2","9.485714285714286","20","86","60","1","166","6","0","1"
"223","8","16","21","4","116","3","0","3","45","1","13","0","7","1","1","8.5","54","83","33","0","170","4","0","1"
"224","5","18","14","6","71","3","1","4","37","1","11","1","5","0","1","7.9","39","55","64","4","158","6","0","0"
"225","8","17","21","7","62","5","1","4","46","1","14","2","4","0","2","7.65","44","60","49","1","153","8","0","0"
"226","9","20","12","7","89","4","1","2","41","1","13","0","6","1","1","8.716981132075471","8","62","84","5","154","4","0","1"
"227","7","20","13","9","38","3","0","4","40","0","11","0","4","0","1","7.3","39","55","52","0","146","5","0","0"
"228","10","20","16","11","47","2","2","1","46","0","16","0","3","0","2","7.842105263157895","39","51","59","0","149","4","0","1"
"229","7","19","21","3","57","5","2","3","47","1","9","0","4","0","2","7.15","42","70","31","0","143","6","0","1"
"230","12","20","21","3","33","3","2","5","53","0","11","0","5","2","1","6.85","34","67","36","2","137","9","0","0"
"231","6","21","23","4","66","2","0","4","50","2","12","0","8","0","2","8.05","69","54","38","2","161","4","0","1"
"232","14","20","11","5","59","3","3","4","45","1","12","0","4","0","1","7.5","28","60","62","3","150","7","0","0"
"233","6","12","15","9","55","4","0","3","33","2","23","1","6","0","2","10.6","53","90","69","2","212","7","0","1"
"234","4","14","17","6","103","4","3","1","35","1","18","3","11","0","2","10.4","65","104","39","0","208","7","0","0"
"235","15","17","20","3","60","4","1","5","52","1","15","1","2","2","1","7.1","29","69","44","2","142","9","0","0"
"236","7","18","19","6","77","3","0","4","44","1","17","1","1","0","2","7.3613445378151265","41","66","39","0","146","5","0","1"
"237","7","11","26","4","68","5","3","4","44","1","13","0","2","0","1","6.75","46","65","24","0","135","7","0","0"
"238","15","22","13","8","53","3","1","2","50","2","14","0","3","0","2","7.03448275862069","20","55","61","2","136","3","0","1"
"239","5","21","16","6","54","3","1","0","42","2","18","3","8","0","3","9.5","63","70","57","3","190","4","0","1"
"240","8","14","22","1","44","4","2","5","44","0","7","0","10","1","2","7.95","51","74","34","3","159","9","0","0"
"241","5","29","20","8","57","3","1","3","54","1","14","2","4","0","2","7.05","50","44","47","1","141","6","0","0"
"242","6","15","13","7","77","3","0","4","34","1","12","0","5","0","1","8.271844660194175","11","71","60","2","142","4","0","1"
"243","4","14","18","5","83","2","0","3","36","2","19","0","7","0","2","10.15","70","83","50","2","203","3","0","0"
"244","4","16","16","6","98","2","0","2","36","2","15","0","13","0","3","10.736842105263158","55","88","61","3","204","2","0","1"
"245","4","16","20","5","68","2","3","0","40","1","16","0","4","0","3","8.2","68","65","31","0","164","3","0","1"
"246","12","25","20","9","24","4","3","5","57","0","14","1","0","0","0","5.637931034482759","19","45","45","0","109","10","0","0"
"247","10","9","11","10","67","3","1","4","30","2","19","1","9","1","3","10.9","53","98","67","1","218","7","0","1"
"248","8","25","9","9","30","3","4","2","42","0","14","1","2","2","1","7.2727272727272725","1","63","56","0","120","9","0","0"
"249","21","25","18","2","26","6","4","2","64","0","5","2","2","2","0","4.638655462184874","14","47","31","0","92","10","0","0"
"250","0","12","15","11","51","1","0","0","27","1","14","0","1","0","2","8.454545454545455","0","33","59","0","93","0","0","1"
"251","5","11","18","8","80","3","0","5","34","1","20","0","5","0","2","9.25","46","87","52","1","185","6","0","0"
"252","8","16","17","10","98","3","1","3","41","2","17","1","11","0","2","9.91304347826087","37","97","56","1","190","5","0","1"
"253","6","17","12","6","54","4","1","4","35","1","13","2","7","0","2","8.5","45","69","56","2","170","8","0","1"
"254","6","18","26","5","71","4","2","5","50","1","20","1","5","0","2","8.2","66","71","27","0","164","8","0","0"
"255","5","16","13","10","46","3","0","5","34","0","20","1","2","0","4","8.4","44","68","56","0","168","7","0","1"
"256","12","11","19","7","38","3","3","1","42","0","12","1","2","0","2","6.7","35","61","38","0","134","5","0","0"
"257","10","20","18","7","30","4","2","5","48","0","17","0","2","0","1","7.55","49","57","45","0","151","9","0","0"
"258","7","19","13","8","67","3","0","2","39","1","15","1","5","0","2","8.08695652173913","38","62","55","1","155","3","0","1"
"259","8","19","19","6","46","2","1","4","46","0","15","1","9","0","4","8.55","56","68","47","2","171","6","0","1"
"260","9","12","17","6","58","4","3","4","38","1","13","2","6","0","2","8.05","45","68","48","2","161","9","0","0"
"261","10","21","19","6","44","4","1","3","50","0","14","2","3","1","2","6.8","38","60","38","0","136","8","0","0"
"262","14","17","19","5","61","4","2","2","50","1","9","1","5","1","2","6.8","27","67","42","1","136","7","0","0"
"263","4","12","22","8","83","3","2","0","38","1","16","0","2","0","3","7.75","53","61","41","0","155","3","0","0"
"264","3","18","16","11","76","3","0","2","37","1","21","0","1","0","2","8.432432432432432","34","65","57","0","156","3","0","1"
"265","7","20","19","6","74","4","3","1","46","1","15","0","8","1","1","8.55","67","66","38","0","171","5","0","1"
"266","10","22","22","3","37","6","1","5","54","0","15","1","3","0","2","6.75","40","66","29","0","135","7","0","0"
"267","7","13","15","9","49","3","0","2","35","0","21","2","3","1","4","9.15","50","80","53","0","183","5","0","1"
"268","12","16","10","11","38","4","1","7","38","0","13","1","4","0","2","7.930434782608695","25","51","76","2","152","10","0","0"
"269","1","13","16","6","87","2","1","0","30","2","18","0","3","0","2","9","54","75","51","1","180","2","0","0"
"270","6","16","13","5","78","3","2","2","35","2","15","0","6","0","2","9.526315789473685","48","70","63","2","181","5","0","1"
"271","9","18","13","6","51","5","1","4","40","1","8","3","6","1","1","7.4","40","53","55","2","148","9","0","0"
"272","2","18","15","9","74","2","0","0","35","2","12","1","9","1","2","9.638297872340425","12","85","54","1","151","2","0","1"
"273","5","14","21","9","84","3","1","4","40","2","22","0","3","0","2","9.15","57","76","50","0","183","5","0","1"
"274","9","17","19","5","31","3","2","2","45","0","13","0","3","1","1","7.2","42","60","42","1","144","6","0","0"
"275","8","12","11","7","53","3","0","2","31","1","15","2","5","0","3","9.15","55","64","64","2","183","4","0","1"
"276","7","12","12","5","42","5","3","3","31","0","17","3","3","0","3","8.3","45","75","46","0","166","9","0","0"
"277","9","12","15","6","82","5","0","6","36","1","15","2","7","0","2","8.85","48","71","58","3","177","8","0","1"
"278","9","14","13","5","42","3","2","2","36","0","11","2","6","0","1","8","41","61","58","3","160","6","0","0"
"279","6","24","20","8","61","4","0","5","50","2","23","0","3","1","2","8.6","72","48","52","1","172","7","0","1"
"280","9","19","19","5","48","4","4","6","47","0","10","0","6","0","1","7.415094339622641","9","72","50","3","131","10","0","0"
"281","7","13","14","9","112","3","1","1","34","2","15","0","6","1","2","8.85","42","73","62","2","177","4","0","1"
"282","6","17","21","3","33","4","5","2","44","0","11","1","3","1","2","6.85","39","62","36","2","137","9","0","0"
"283","9","10","18","7","67","5","3","4","37","1","16","2","1","0","1","8.15","45","70","48","0","163","10","0","0"
"284","7","16","17","6","51","4","1","5","40","1","14","0","4","0","2","8.338983050847457","46","73","45","0","164","6","0","1"
"285","10","16","15","6","57","4","0","3","41","1","16","1","5","0","2","8.05","44","65","52","2","161","4","0","0"
"286","6","17","12","3","79","2","1","3","35","1","9","0","7","1","2","8.526315789473685","37","69","56","4","162","5","0","1"
"287","5","11","17","6","74","5","1","4","33","1","17","1","6","0","2","9.4","68","68","52","2","188","6","0","1"
"288","8","25","19","5","27","5","0","5","52","0","9","2","6","2","0","6.849056603773584","14","68","39","1","121","10","0","0"
"289","7","18","18","7","90","3","1","5","43","1","17","0","7","0","2","9.05","65","70","46","0","181","6","0","1"
"290","11","15","15","10","56","2","1","4","41","1","18","0","2","0","3","7.85","32","66","59","1","157","5","0","0"
"291","3","14","19","8","44","2","1","3","36","0","20","1","3","0","4","9.05","62","78","41","0","181","5","0","0"
"292","3","10","12","7","67","3","0","3","25","1","17","1","4","0","3","9.517241379310345","62","71","51","0","184","4","0","1"
"293","7","13","13","9","128","4","0","4","33","2","19","1","17","0","3","12.3","76","104","66","3","246","5","0","1"
"294","9","13","14","9","100","3","1","4","36","2","21","0","13","0","3","11.15","48","113","62","2","223","5","0","0"
"295","5","20","10","6","57","3","1","2","35","1","16","0","5","1","3","8.9","64","61","53","0","178","5","0","1"
"296","11","15","17","4","24","3","4","5","43","0","8","1","1","0","0","6.272727272727273","17","58","40","1","115","10","0","0"
"297","5","14","17","8","96","2","1","2","36","1","16","0","10","0","3","10","51","96","53","1","200","3","0","0"
"298","1","12","5","9","111","2","1","1","18","1","21","0","8","0","3","11.127272727272729","48","87","69","2","204","2","0","1"
"299","7","20","18","8","77","3","1","2","45","1","14","2","11","0","3","9.2","59","71","54","2","184","5","0","1"
"300","8","14","18","3","55","4","4","4","40","1","8","0","6","0","1","7.35","36","73","38","1","147","9","0","0"
"301","17","9","19","4","61","4","1","7","45","1","15","1","4","0","2","8.016806722689076","31","80","48","3","159","10","0","1"
"302","11","18","20","5","76","5","1","8","49","1","15","1","5","0","2","7.85","39","66","52","3","157","10","0","0"
"303","5","11","19","4","39","3","2","2","35","0","14","0","2","0","3","8.25","41","82","42","1","165","4","0","1"
"304","10","23","14","7","46","3","2","4","47","0","10","1","3","1","2","7.05","49","46","46","0","141","9","0","0"
"305","8","16","15","7","49","3","1","4","39","0","13","1","4","0","1","7.65","27","74","52","1","153","6","0","0"
"306","0","17","13","12","89","2","0","1","30","1","20","0","5","0","2","10.466666666666667","0","83","70","1","157","1","0","1"
"307","8","12","18","9","61","3","2","0","38","1","17","1","6","0","3","9.05","55","76","50","0","181","3","0","1"
"308","10","10","15","4","65","4","3","3","35","1","16","2","4","0","2","8.35","32","91","44","2","167","8","0","0"
"309","7","19","20","4","74","3","1","4","46","2","15","0","8","0","2","9.2","77","61","46","2","184","6","0","0"
"310","2","12","20","5","82","2","0","2","34","2","17","0","8","1","3","9.620689655172415","61","93","32","0","186","3","0","1"
"311","5","16","12","8","37","4","5","2","33","0","15","1","2","1","2","7.7","45","58","51","0","154","9","0","0"
"312","9","18","15","10","56","3","0","3","42","1","20","0","3","0","3","8.172413793103448","42","60","56","1","158","4","0","1"
"313","10","18","13","7","55","4","2","5","41","1","9","1","3","0","1","6.9","28","55","55","1","138","8","0","0"
"314","7","23","20","3","56","3","0","3","50","1","8","0","6","1","2","7.189655172413794","37","65","37","1","139","4","0","1"
"315","13","25","14","7","51","5","0","7","52","1","13","2","8","0","3","8","36","63","61","3","160","9","0","0"
"316","3","16","12","6","55","3","1","2","31","2","13","0","7","0","3","9.436893203883495","42","72","48","0","162","3","0","1"
"317","7","29","22","6","33","3","3","4","58","0","8","2","0","0","1","5.596638655462185","30","36","45","0","111","10","0","0"
"318","10","21","14","4","39","3","1","2","45","0","11","0","2","0","2","6","24","49","39","1","112","3","0","1"
"319","7","14","17","8","90","4","1","4","38","1","20","0","3","0","2","8.7","68","59","47","0","174","5","0","1"
"320","8","17","21","3","31","4","0","5","46","0","7","3","5","0","1","6.85","48","55","34","1","137","8","0","0"
"321","8","18","20","3","59","4","1","3","46","1","11","1","5","1","2","7.55","40","76","35","1","151","6","0","1"
"322","12","12","20","5","54","3","3","5","44","1","9","1","3","0","2","6.957983193277311","36","64","38","0","138","10","0","0"
"323","3","15","17","6","44","3","1","3","35","0","15","0","7","0","3","9.15","75","64","44","0","183","4","0","1"
"324","5","17","8","11","34","4","3","1","30","0","11","2","2","0","2","7.2","36","39","69","1","144","7","0","0"
"325","11","18","27","2","56","4","0","4","56","1","10","0","5","3","2","6.95","46","71","22","1","139","8","0","0"
"326","0","13","14","10","84","2","1","0","27","2","15","0","5","0","2","10.592592592592593","0","70","67","0","143","1","0","1"
"327","6","28","22","4","33","3","1","4","56","0","14","1","1","0","2","6.5","43","57","30","0","130","6","0","0"
"328","1","23","19","12","63","3","1","2","43","1","18","1","4","1","1","8.425531914893618","8","65","59","1","132","5","0","1"
"329","12","28","22","5","32","4","0","7","62","0","10","1","1","0","1","5.6","38","35","39","0","112","9","0","0"
"330","8","24","17","3","63","2","1","3","49","1","9","0","0","0","1","6.053571428571428","33","47","33","0","113","4","0","1"
"331","5","23","20","8","100","2","0","3","48","2","23","0","4","0","2","8.7","76","55","43","0","174","3","0","0"
"332","2","17","20","7","66","2","1","3","39","1","18","0","7","0","2","9.28695652173913","47","86","45","1","178","5","0","1"
"333","6","16","18","4","54","3","1","1","40","1","14","0","10","0","3","9.55","53","104","34","0","191","4","0","1"
"334","10","12","17","2","37","4","2","7","39","0","10","0","3","0","1","6.7","36","64","34","1","134","9","0","0"
"335","10","21","17","7","41","4","3","5","48","0","14","1","2","0","1","6.6","31","55","46","1","132","9","0","0"
"336","1","17","22","8","80","3","1","1","40","1","17","0","3","0","2","8.22680412371134","15","76","42","0","133","2","0","1"
"337","4","14","18","6","92","2","1","1","36","1","19","0","8","0","3","9.6","61","82","49","2","192","3","0","0"
"338","2","16","18","8","56","3","0","2","36","3","22","0","7","2","3","9.915254237288135","65","81","49","1","195","4","0","1"
"339","11","20","16","4","55","3","1","5","47","1","12","1","6","0","1","7.25","28","79","38","1","145","7","0","1"
"340","8","20","18","7","55","3","2","3","46","1","10","1","4","0","1","6.7","48","47","39","0","134","7","0","0"
"341","7","22","15","4","47","3","1","5","44","0","12","1","2","1","1","6.65","47","44","42","1","133","8","0","0"
"342","1","21","20","5","73","2","0","1","42","1","13","0","3","0","2","7.714285714285714","28","63","44","2","135","1","0","1"
"343","5","17","18","8","54","4","0","4","40","1","14","1","7","0","3","9.2","77","53","54","0","184","5","0","1"
"344","9","16","18","7","34","5","3","4","43","0","12","1","3","1","1","7.45","31","74","44","0","149","9","0","0"
"345","7","17","20","4","42","4","0","5","44","0","12","1","4","0","2","7.1","46","57","39","1","142","7","0","1"
"346","15","24","25","2","29","5","2","6","64","0","9","0","2","1","0","5.379310344827586","23","58","23","1","104","10","0","0"
"347","17","27","24","4","44","5","3","5","68","0","8","0","2","0","1","4.4324324324324325","4","51","27","0","82","10","0","0"
"348","0","17","20","5","35","2","1","0","37","0","9","0","2","0","1","6.216867469879518","0","47","33","0","86","1","0","1"
"349","9","16","19","2","60","3","0","4","44","1","11","1","8","0","1","8.4","60","68","40","3","168","5","0","1"
"350","9","19","20","5","54","3","0","5","48","1","13","3","5","0","2","7.3","45","68","33","0","146","9","0","0"
"351","8","10","17","8","68","3","1","3","35","1","14","0","4","0","2","7.65","46","62","45","0","153","4","0","1"
"352","12","15","13","7","57","3","0","2","40","1","14","2","3","3","1","7.55","40","59","52","0","151","7","0","0"
"353","8","23","19","6","30","4","1","7","50","0","11","0","5","0","1","6.85","47","46","44","1","137","8","0","0"
"354","5","16","24","5","68","3","1","1","45","1","15","0","3","0","2","7.486725663716815","48","62","31","0","141","2","0","1"
"355","10","16","13","5","46","2","1","3","39","0","13","0","4","1","3","8.05","37","63","61","3","161","5","0","0"
"356","4","21","16","6","56","2","0","3","41","1","13","0","7","0","2","8.601769911504425","44","70","48","1","162","4","0","1"
"357","12","21","22","4","31","6","4","3","55","0","9","2","2","1","1","5.377358490566038","8","49","38","2","95","10","0","0"
"358","5","22","16","2","54","2","1","0","43","1","8","1","1","0","2","5.823529411764706","14","54","31","0","99","2","0","1"
"359","8","32","24","7","54","4","0","7","64","1","13","1","1","0","1","5.6","44","32","36","0","112","8","0","0"
"360","0","16","20","6","37","2","0","3","36","0","14","0","4","0","1","8.475","0","65","44","1","113","3","0","1"
"361","9","22","14","8","54","3","1","2","45","1","21","0","3","0","3","8.15","45","72","46","0","163","4","0","1"
"362","7","13","20","4","52","4","2","5","40","1","13","1","5","0","1","7.7","53","71","30","0","154","8","0","0"
"363","10","22","24","3","64","3","0","6","56","2","14","0","6","0","2","7.55","62","59","30","1","151","6","0","0"
"364","5","21","18","10","48","2","2","2","44","0","15","0","6","0","2","8.216216216216216","31","64","57","1","152","4","0","1"
"365","10","11","19","2","67","3","3","1","40","1","13","0","3","0","2","7","49","67","24","0","140","4","0","0"
"366","7","12","21","4","65","2","1","0","40","2","18","0","2","0","2","7.72972972972973","27","76","40","2","143","1","0","1"
"367","3","12","23","2","75","2","1","1","38","2","18","0","6","1","3","9.4","62","95","31","1","188","4","0","0"
"368","3","14","9","10","122","3","0","2","26","1","25","1","4","0","1","10.069565217391304","55","73","65","1","193","4","0","1"
"369","11","21","21","7","50","5","1","5","53","1","12","2","5","0","3","7.4","37","74","37","0","148","8","0","0"
"370","9","18","18","6","37","3","2","3","45","0","12","1","5","0","2","8.017699115044248","36","71","44","0","151","6","0","1"
"371","6","15","18","6","62","4","0","4","39","1","17","0","6","0","3","8.75","61","73","41","0","175","5","0","1"
"372","10","17","22","3","75","4","2","7","49","1","12","0","3","0","1","7.1","50","64","28","0","142","9","0","0"
"373","4","13","22","4","46","3","3","1","39","0","10","0","5","0","2","7.95","57","71","31","0","159","4","0","0"
"374","6","13","14","8","80","2","0","0","33","2","17","1","3","0","2","8.64864864864865","30","68","62","2","160","1","0","1"
"375","5","17","16","7","114","2","1","0","38","2","17","1","7","0","2","9.1","57","81","44","0","182","2","0","0"
"376","6","16","16","9","87","3","2","0","38","2","23","0","4","0","2","9.68421052631579","50","84","50","0","184","2","0","1"
"377","6","11","15","6","86","3","0","5","32","1","20","0","5","0","3","9.15","57","81","45","1","183","5","0","1"
"378","7","12","21","4","70","3","1","6","40","1","13","0","5","0","2","8.1","50","79","33","1","162","7","0","0"
"379","7","13","14","8","46","5","2","5","34","0","17","0","2","0","3","8.25","52","65","48","0","165","8","0","0"
"380","4","21","15","8","81","3","0","2","40","2","15","0","8","0","2","9.39622641509434","27","77","62","2","166","2","0","1"
"381","6","24","16","6","68","3","0","5","46","2","12","0","11","0","2","9.35","59","65","63","3","187","5","0","0"
"382","4","21","14","9","48","5","2","2","39","0","16","1","9","1","3","9.827586206896552","62","61","67","2","190","7","0","1"
"383","1","22","18","5","23","4","5","1","41","0","6","2","1","2","0","5.282608695652174","1","44","36","0","81","10","0","0"
"384","0","19","19","1","42","2","0","2","38","0","6","0","1","0","2","6.071428571428571","0","55","26","0","85","2","0","1"
"385","3","16","20","8","52","3","0","1","39","1","15","1","3","0","2","7.705882352941177","22","67","42","0","131","4","0","0"
"386","0","15","20","6","49","3","0","3","35","0","12","0","7","0","2","9","0","84","49","3","135","3","0","1"
"387","7","13","17","7","60","2","2","2","37","2","20","0","3","0","3","8.4","39","86","43","0","168","4","0","1"
"388","6","20","21","7","58","3","1","5","47","1","13","0","5","0","1","7.6","45","69","38","0","152","7","0","0"
"389","8","21","22","5","53","4","2","8","51","1","14","0","2","0","1","6.807692307692308","18","67","33","0","118","10","0","0"
"390","10","16","18","3","43","2","0","3","44","0","10","0","1","0","2","6.2","35","57","32","0","124","3","0","1"
"391","11","23","18","7","32","4","3","2","52","0","11","0","5","0","1","6.6","32","55","45","1","132","7","0","1"
"392","8","24","16","3","48","4","3","3","48","0","9","2","3","1","1","6.3","40","49","37","1","126","9","0","0"
"393","14","13","15","9","74","4","2","4","42","2","19","1","7","0","3","9.75","26","92","77","3","195","7","0","1"
"394","8","21","15","7","35","3","2","4","44","0","16","0","2","0","2","7.35","34","68","45","0","147","7","0","0"
"395","7","20","22","5","87","3","0","3","49","1","14","0","7","1","2","8.2","57","67","40","1","164","4","0","1"
"396","12","16","18","6","73","6","3","6","46","1","15","0","4","0","2","7.8","37","75","44","1","156","9","0","0"
"397","6","16","17","5","52","4","0","4","39","1","15","1","4","0","3","8.55","57","64","50","1","171","5","0","0"
"398","9","17","12","9","106","2","1","0","38","1","19","0","8","0","3","9.633027522935778","23","95","57","1","175","1","0","1"
"399","7","12","13","9","85","2","0","4","32","2","20","0","12","0","3","11.55","58","103","70","2","231","4","0","1"
"400","9","10","27","5","98","3","1","5","46","1","20","0","11","0","2","10.1","55","101","46","3","202","6","0","0"
"401","4","21","13","9","57","3","0","4","38","1","18","0","5","0","4","8.6","70","45","57","1","172","4","0","1"
"402","11","20","16","6","39","4","3","1","47","0","15","3","1","1","1","6.75","35","59","41","0","135","8","0","0"
"403","14","17","19","4","33","5","3","4","50","0","9","2","0","1","1","5.45","21","56","32","0","109","10","0","0"
"404","0","17","16","5","46","2","1","0","33","0","12","1","3","0","2","7.835294117647059","0","69","38","0","111","2","0","1"
"405","9","19","16","5","63","4","1","4","44","1","10","0","4","1","2","7.1","43","54","45","1","142","6","0","1"
"406","11","20","19","4","35","5","4","3","50","0","6","2","2","0","1","5.85","24","53","40","1","117","9","0","0"
"407","14","14","15","5","58","3","3","2","43","1","13","1","5","0","1","8","45","73","42","0","160","6","0","0"
"408","8","22","14","9","64","4","1","5","44","1","18","1","5","0","1","8.256410256410257","44","52","65","2","161","7","0","1"
"409","10","26","20","6","64","4","1","5","56","1","11","0","6","0","2","7.05","50","54","37","0","141","6","0","0"
"410","4","15","20","2","67","2","0","2","39","1","9","0","5","0","3","7.435897435897436","41","76","28","0","145","2","0","1"
"411","7","19","26","1","69","4","1","4","52","1","13","1","1","0","2","6.45","39","70","20","0","129","7","0","1"
"412","8","25","25","5","27","6","4","5","58","0","9","0","0","0","0","4.484848484848484","1","44","29","0","74","10","0","0"
"413","6","21","17","7","64","3","1","5","44","1","12","1","4","0","1","7.4","43","63","42","0","148","7","0","1"
"414","11","25","17","5","31","4","1","6","53","0","9","2","5","0","1","6.55","45","45","41","1","131","9","0","0"
"415","13","25","19","2","19","4","4","1","57","0","4","0","2","2","0","4.7","27","36","31","1","94","8","0","0"
"416","7","27","26","2","45","3","1","2","60","0","7","0","2","0","1","5.229357798165137","22","55","18","0","95","3","0","1"
"417","9","15","16","5","69","3","1","3","40","2","13","0","10","0","2","9.05","63","61","57","4","181","5","0","1"
"418","10","18","13","3","52","2","0","5","41","1","11","0","6","0","2","7.75","47","66","42","1","155","5","0","0"
"419","10","22","21","4","84","3","1","2","53","1","13","2","7","0","1","7.85","63","60","34","0","157","7","0","1"
"420","9","18","19","5","31","4","4","6","46","0","9","0","3","0","1","6.318584070796461","27","55","37","0","119","10","0","0"
"421","7","28","20","5","43","4","1","1","55","0","11","3","1","0","2","5.95","33","46","40","1","119","6","0","0"
"422","6","20","17","8","56","2","0","2","43","1","13","0","1","0","2","6.923076923076923","18","57","45","0","120","2","0","1"
"423","8","20","16","9","36","5","0","4","44","0","15","2","2","1","2","7.15","41","53","49","0","143","7","0","0"
"424","3","24","18","3","52","4","1","2","45","1","10","0","6","0","2","7.384615384615385","52","58","34","1","144","4","0","1"
"425","6","17","17","4","60","5","1","2","40","2","14","1","6","1","2","8.25","69","62","34","0","165","5","0","1"
"426","11","23","11","5","61","4","4","3","45","1","10","1","5","0","1","7.3","28","54","64","4","146","8","0","0"
"427","8","13","19","4","54","3","1","4","40","2","17","0","4","0","2","7.95","45","79","35","1","159","5","0","1"
"428","6","11","21","3","66","3","1","5","38","1","13","0","2","0","2","6.8","35","77","24","0","136","8","0","0"
"429","7","19","21","5","43","3","0","6","47","0","16","0","2","0","1","7","42","56","42","2","140","6","0","0"
"430","0","18","17","8","46","2","0","1","35","0","17","1","2","0","2","9.4","0","73","67","1","141","3","0","1"
"431","4","16","20","5","51","2","1","3","40","1","13","0","6","0","4","8.45","59","69","41","1","169","4","0","1"
"432","6","12","17","5","57","3","3","2","35","1","13","0","1","0","2","7.45","41","67","41","0","149","6","0","0"
"433","10","19","15","8","67","3","2","4","44","1","19","0","0","0","2","7.35","34","66","47","0","147","6","0","0"
"434","5","12","14","3","82","2","0","1","31","2","12","0","2","0","2","7.982142857142857","31","75","43","0","149","2","0","1"
"435","9","22","15","8","37","3","0","7","46","0","15","0","6","0","3","8","63","48","49","0","160","7","0","1"
"436","7","25","23","5","62","4","1","5","55","1","9","1","7","0","2","6.95","49","59","31","0","139","7","0","0"
"437","5","15","19","5","58","3","0","4","39","1","13","1","4","0","3","7.8","58","63","35","0","156","5","0","1"
"438","8","26","14","6","69","4","2","3","48","1","15","2","2","0","2","6.95","39","57","43","0","139","7","0","0"
"439","3","17","17","8","59","3","0","4","37","1","18","1","4","0","2","8.75","50","82","43","0","175","5","0","0"
"440","8","9","23","3","119","3","1","4","40","1","17","0","7","1","1","9.421052631578947","30","120","29","0","179","6","0","1"
"441","6","18","21","7","111","4","3","2","45","1","23","0","11","0","1","10.25","50","107","48","2","205","6","0","1"
"442","14","17","16","5","29","5","3","4","47","0","11","1","1","0","0","6","31","51","38","0","120","9","0","0"
"443","6","16","24","0","56","3","1","2","46","1","6","1","2","0","2","5.7","37","62","15","0","114","4","0","1"
"444","0","6","20","4","21","3","1","1","26","0","7","0","0","0","0","6.1","0","27","33","0","61","2","0","0"
"445","7","13","21","11","62","2","1","3","41","2","21","0","5","0","3","8.9","49","79","50","0","178","4","0","1"
"446","10","20","22","2","58","4","3","5","52","1","19","1","1","0","2","7.3","47","76","23","0","146","10","0","0"
"447","11","26","14","7","25","3","1","6","51","0","12","2","0","0","0","6.25","28","48","49","0","125","9","0","0"
"448","0","18","15","7","51","2","1","0","33","1","14","0","5","0","2","9.721518987341772","0","45","79","5","128","1","0","1"
"449","14","18","18","5","33","3","1","7","50","0","12","0","1","0","2","5.95","23","62","34","0","119","8","0","0"
"450","9","18","22","8","36","3","2","3","49","0","15","0","2","0","2","6.990291262135922","6","74","40","0","120","5","0","1"
"451","5","17","10","8","59","2","2","0","32","1","19","1","6","0","4","9.8","60","81","55","0","196","3","0","1"
"452","13","18","13","6","53","4","3","6","44","1","11","1","1","0","1","6.82051282051282","19","66","48","0","133","10","0","0"
"453","7","15","12","5","31","5","1","5","34","0","11","0","2","0","2","6.8","36","50","50","2","136","8","0","0"
"454","9","28","19","8","50","3","2","1","56","1","17","0","5","0","3","7.4727272727272736","25","60","52","2","137","4","0","1"
"455","12","13","19","6","52","6","1","6","44","1","18","1","3","0","3","8.15","39","85","39","0","163","8","0","1"
"456","0","15","22","6","19","5","2","5","38","0","10","1","2","1","0","6.6923076923076925","0","54","33","0","87","10","0","0"
"457","9","17","20","6","39","4","1","4","46","0","12","1","3","0","2","7.3","34","69","43","1","146","6","0","0"
"458","4","18","13","12","72","2","0","1","35","1","18","0","5","0","3","8.882352941176471","25","60","66","1","151","1","0","1"
"459","0","19","20","3","65","3","0","2","39","2","15","1","8","0","3","8.8","71","63","42","3","176","4","0","1"
"460","7","22","17","7","49","3","1","5","46","0","12","0","6","0","2","7.9","51","55","52","2","158","6","0","0"
"461","7","20","14","7","85","3","0","2","41","1","12","2","7","0","2","8.9","48","68","62","1","178","7","0","0"
"462","4","20","19","6","70","5","2","2","43","1","17","0","10","0","2","9.610619469026549","36","96","49","2","181","4","0","1"
"463","0","16","19","4","36","3","0","4","35","0","8","0","3","0","1","6.846153846153846","0","52","33","0","89","4","0","0"
"464","0","18","13","9","35","3","0","5","31","0","13","1","2","0","1","8.289473684210527","0","36","65","2","105","6","0","1"
"465","6","17","18","1","28","4","2","3","41","0","9","0","4","1","0","6.75","53","50","32","2","135","6","0","1"
"466","11","26","23","3","48","5","2","4","60","0","10","1","4","0","1","6.25","49","50","26","0","125","8","0","0"
"467","9","23","20","8","66","4","2","4","52","1","20","0","6","0","3","8.5","44","83","43","0","170","6","0","1"
"468","15","24","23","2","36","4","0","7","62","0","13","0","6","0","2","7.05","44","55","42","3","141","8","0","0"
"469","15","30","23","4","34","6","3","4","68","0","9","1","4","0","1","5.243243243243243","10","55","32","1","97","10","0","0"
"470","0","4","14","8","39","2","1","1","18","0","10","0","7","0","2","13.363636363636363","0","10","87","7","98","2","0","1"
"471","8","31","21","5","38","4","5","3","60","0","10","1","7","0","1","6.8","44","53","39","1","136","9","0","0"
"472","11","21","14","5","43","3","1","1","46","0","10","0","4","1","1","7.137931034482759","30","51","57","2","138","4","0","1"
"473","6","9","24","3","130","3","0","2","39","2","19","0","15","0","2","11.6","59","143","30","1","232","2","0","1"
"474","4","24","23","5","31","5","2","6","51","0","13","0","4","1","1","7.117647058823529","24","63","34","0","121","10","0","0"
"475","6","14","18","4","50","3","1","4","38","1","10","0","6","0","2","7.6","51","60","41","2","152","5","0","1"
"476","4","23","13","4","56","3","2","2","40","1","10","1","3","0","2","7.05","51","50","40","0","141","5","0","0"
"477","8","25","21","4","26","3","1","4","54","0","10","0","1","1","0","5.9","37","52","29","0","118","7","0","0"
"478","7","18","19","4","58","2","1","2","44","1","12","0","2","0","2","7.14","5","70","44","1","119","3","0","1"
"479","7","17","20","3","62","4","1","3","44","1","13","0","1","1","2","6.65","39","68","26","0","133","5","0","0"
"480","0","10","16","5","91","1","0","0","26","1","15","0","6","0","2","10.177215189873419","0","78","52","3","134","0","0","1"
"481","3","11","12","9","108","2","0","2","26","2","20","0","4","0","2","9.9","51","89","58","0","198","2","0","1"
"482","18","22","22","8","54","5","1","7","62","1","12","1","4","1","1","6.105263157894737","17","54","45","1","116","10","0","0"
"483","0","9","20","2","21","2","2","1","29","0","3","0","2","0","0","5.508196721311475","0","22","33","2","56","3","0","0"
"484","0","9","20","2","21","2","2","1","29","0","3","0","2","0","0","5.508196721311475","0","22","33","2","56","3","0","0"
"485","9","26","26","3","70","3","1","6","61","1","8","0","7","0","1","6.4","49","56","23","0","128","8","0","0"
"486","7","23","18","5","81","2","0","1","48","1","10","0","6","1","2","7.166666666666667","25","60","44","2","129","2","0","1"
"487","9","9","17","5","63","4","1","2","35","1","16","3","7","0","3","8.75","54","75","46","2","175","7","0","0"
"488","4","18","15","10","47","3","1","4","37","0","21","0","3","0","3","8.9","68","56","54","0","178","5","0","1"
"489","6","16","18","6","75","2","1","2","40","1","14","0","7","0","3","8.75","53","78","44","1","175","4","0","0"
"490","4","15","26","4","78","3","0","2","45","1","14","0","10","0","3","9","67","85","25","0","177","4","0","1"
"491","4","18","23","3","73","4","2","3","45","1","15","1","3","0","1","7.35","45","77","25","0","147","7","0","0"
"492","11","25","11","11","53","4","0","4","47","1","18","1","3","0","3","7.655172413793104","28","58","62","0","148","6","0","1"
"493","8","11","17","10","97","3","1","3","36","1","13","0","7","0","2","9.25","35","82","68","2","185","4","0","1"
"494","11","21","15","8","41","4","1","5","47","0","13","0","4","1","1","7.1","39","51","52","1","142","8","0","0"
"495","12","8","10","0","96","3","1","4","30","2","7","0","13","0","2","10.25","44","105","56","4","205","5","0","1"
"496","10","20","12","6","43","4","3","3","42","0","11","0","4","0","2","7.35","40","60","47","0","147","8","0","0"
"497","12","20","14","2","40","5","1","6","46","0","7","3","1","0","1","5.647058823529412","17","53","42","1","112","10","0","0"
"498","5","22","16","7","55","3","0","2","43","1","9","0","5","0","1","6.831683168316832","15","47","53","2","115","3","0","1"
"499","0","10","17","6","26","5","3","2","27","0","7","2","5","1","0","8.083333333333334","0","50","46","1","97","9","0","0"
"500","0","6","11","5","41","2","1","1","17","0","8","0","4","0","2","8.955223880597016","0","48","48","1","100","2","0","1"
"501","11","15","19","4","39","4","5","1","45","0","12","2","1","1","2","6.45","38","61","30","0","129","9","0","1"
"502","13","24","24","2","35","4","2","4","61","0","8","0","2","2","2","5.05","27","47","27","1","101","9","0","0"
"503","5","19","11","9","113","3","3","1","35","1","24","0","3","0","2","9.55","64","70","57","0","191","4","0","1"
"504","7","14","15","4","35","5","2","6","36","0","13","1","4","0","2","8","43","72","45","1","160","9","0","0"
"505","4","20","18","5","65","4","1","5","42","1","14","1","5","0","2","7.85","49","62","46","2","157","8","0","1"
"506","5","22","18","7","34","4","0","5","45","0","13","1","2","0","1","6.85","46","45","46","1","137","7","0","0"
"507","4","17","17","4","51","3","2","3","38","1","10","0","12","0","3","9.65","72","77","44","2","193","6","0","1"
"508","5","22","16","7","24","6","2","6","43","0","11","0","4","1","0","6.932038834951456","18","56","45","0","119","10","0","0"
"509","9","13","20","3","45","3","2","1","42","0","13","2","6","0","2","8.2","48","79","37","2","164","5","0","1"
"510","10","19","18","0","62","4","5","4","47","1","10","0","5","0","1","7.1","48","67","27","1","142","10","0","0"
"511","11","15","16","4","50","4","4","1","42","1","9","1","8","0","2","8.3","53","75","38","0","166","6","0","1"
"512","8","14","23","2","35","3","1","5","45","0","12","2","4","0","1","7.2","45","80","19","0","144","8","0","0"
"513","9","21","18","2","43","5","3","6","48","0","6","0","8","0","3","6.9","42","51","45","4","138","9","0","0"
"514","6","18","22","3","74","4","3","2","46","1","8","0","8","0","1","7.1","57","56","29","1","142","5","0","1"
"515","11","17","15","9","64","3","0","7","43","1","15","0","6","1","2","8.25","37","68","60","2","165","8","0","1"
"516","7","15","27","2","30","5","3","6","49","0","8","0","3","0","1","6.15","42","61","20","1","123","9","0","0"
"517","9","27","22","4","22","3","1","3","58","0","7","4","3","0","0","5.5","30","39","41","2","110","8","0","0"
"518","0","11","14","7","43","3","0","1","25","0","11","1","3","0","2","8.325","0","60","50","1","111","2","0","1"
"519","6","13","14","5","67","3","2","4","33","1","14","0","12","0","3","9.85","60","83","54","3","197","6","0","1"
"520","14","17","17","2","78","5","3","7","48","1","12","0","10","0","2","8.64406779661017","34","92","44","3","170","10","0","0"
"521","8","15","15","5","76","5","1","6","38","2","14","1","12","0","3","10.25","56","93","56","3","205","8","0","0"
"522","5","15","13","6","72","4","1","4","33","1","14","0","11","0","2","10.4","77","79","52","2","208","5","0","1"
"523","13","19","22","4","33","5","3","4","54","0","11","2","2","0","1","6.052631578947368","19","67","29","0","115","10","0","0"
"524","4","24","20","7","64","2","1","2","48","1","14","0","1","0","1","6.566037735849056","28","50","38","0","116","3","0","1"
"525","10","26","16","8","38","3","0","3","52","0","13","1","2","1","1","6.55","46","40","45","0","131","5","0","0"
"526","7","22","17","5","38","3","0","2","46","0","12","1","3","1","2","7.086206896551724","42","59","36","0","137","5","0","1"
"527","12","14","13","6","46","5","0","6","39","0","15","1","3","0","2","7.85","37","70","50","1","157","8","0","0"
"528","4","22","19","5","106","3","0","4","45","1","12","1","9","0","1","8.452173913043477","47","81","34","0","162","5","0","1"
"529","6","13","17","4","46","3","0","4","36","0","13","0","4","1","2","7.75","41","71","43","2","155","5","0","0"
"530","6","18","10","6","74","2","1","0","34","1","12","2","5","0","2","8.068965517241379","50","50","56","1","156","3","0","1"
"531","10","18","17","2","41","6","2","6","45","0","7","1","5","0","2","6.7","47","61","26","0","134","9","0","1"
"532","6","20","14","5","35","4","5","1","40","0","11","0","2","0","2","6.6","38","46","48","1","132","7","0","0"
"533","4","16","19","5","100","2","0","1","39","2","20","0","10","1","2","9.75","82","70","43","2","195","2","0","1"
"534","15","15","20","5","29","5","6","4","50","0","10","0","5","0","0","6.857142857142858","31","51","54","4","136","10","0","0"
"535","19","23","23","3","37","3","4","5","65","0","10","1","1","0","1","4.758620689655173","13","56","23","0","92","10","0","0"
"536","0","19","21","5","32","3","0","3","40","0","8","0","1","0","1","6.2","0","51","41","1","93","3","0","1"
"537","5","18","12","8","62","2","0","2","35","2","18","0","7","0","4","9.8","77","62","57","0","196","2","0","0"
"538","3","13","13","10","49","4","1","4","29","0","22","0","6","0","3","10.016949152542372","63","72","62","1","197","5","0","1"
"539","7","11","12","7","74","4","0","4","30","1","15","2","7","0","3","9.1","48","76","58","2","182","6","0","0"
"540","4","15","19","2","84","2","1","3","38","1","8","0","14","0","3","9.3","69","75","42","3","186","4","0","1"
"541","6","22","11","5","40","3","1","5","39","0","9","1","1","0","2","6.2","35","44","45","0","124","7","0","0"
"542","2","20","14","7","68","3","1","1","36","1","12","0","3","0","2","7.696969696969697","20","54","53","1","127","2","0","1"
"543","4","14","24","7","86","3","0","3","42","2","23","1","7","0","2","9.35","60","94","33","0","187","4","0","0"
"544","3","13","17","8","116","2","0","1","33","2","14","0","12","0","2","11.579999999999998","26","103","64","3","193","1","0","1"
"545","10","13","18","5","60","4","0","5","41","2","15","0","5","0","2","8.2","49","73","42","1","164","5","0","1"
"546","4","18","19","8","32","3","1","6","41","0","11","0","2","0","2","7.55","44","54","53","1","151","7","0","0"
"547","2","13","18","6","44","3","3","3","33","0","13","0","3","0","2","8.15","58","64","41","0","163","6","0","0"
"548","8","11","21","5","94","5","0","3","40","2","16","0","4","0","2","8.512820512820513","50","80","36","0","166","5","0","1"
"549","12","23","20","6","65","2","0","4","55","1","12","0","5","0","2","7.3","39","66","41","1","146","4","0","0"
"550","5","12","15","7","74","3","0","2","32","1","12","0","2","1","1","7.35","43","59","45","0","147","3","0","1"
"551","6","16","16","5","90","4","1","2","38","2","18","0","7","0","3","9.6","67","73","52","2","192","3","0","1"
"552","8","12","17","3","60","4","2","4","37","1","12","1","9","0","2","8.6","41","82","49","4","172","7","0","0"
"553","10","11","17","6","80","3","0","4","38","1","16","2","4","0","2","8.504347826086956","34","90","39","0","163","6","0","0"
"554","8","13","14","8","73","3","0","3","35","1","15","0","4","0","2","8.41025641025641","45","71","48","0","164","4","0","1"
"555","12","14","15","4","51","3","1","5","41","1","9","1","2","0","1","6.3","28","59","39","1","126","7","0","0"
"556","7","19","19","7","34","3","2","2","45","0","12","0","1","0","2","6.626086956521739","30","55","42","0","127","5","0","1"
"557","2","22","16","5","92","3","0","2","40","2","17","0","6","0","2","9.45","82","70","37","0","189","3","0","1"
"558","8","25","13","6","64","5","0","6","46","1","15","0","1","1","1","7.15","40","55","48","0","143","7","0","0"
"559","5","15","20","2","85","2","1","1","40","2","14","0","3","0","2","7.3","51","67","28","1","146","2","0","0"
"560","0","13","12","8","91","2","0","1","25","1","15","1","5","0","1","9.25","14","73","61","2","148","2","0","1"
"561","5","22","16","7","76","2","0","3","43","1","12","0","7","0","2","8.4","68","56","44","0","168","3","0","0"
"562","5","17","12","4","54","4","0","6","34","1","13","0","6","0","3","8.6218487394958","65","66","40","0","171","6","0","1"
"563","3","14","13","5","79","3","1","2","30","1","12","1","8","0","3","8.85","55","72","50","2","177","4","0","1"
"564","6","21","17","4","30","3","2","4","44","0","9","1","8","0","1","7.95","58","57","44","2","159","7","0","0"
"565","10","15","14","8","82","4","0","3","39","3","22","0","9","0","3","10.35","54","99","54","1","207","5","0","1"
"566","10","11","19","7","65","3","3","5","40","1","17","1","6","0","2","8.5","31","90","49","2","170","9","0","0"
"567","13","11","19","5","59","4","1","4","43","1","14","2","4","0","2","7.8","35","78","43","1","156","8","0","1"
"568","3","24","18","6","33","4","2","4","45","0","11","1","5","1","2","7.45","50","51","48","2","149","8","0","0"
"569","6","17","17","7","93","3","1","3","40","1","18","0","9","0","3","9.5","56","88","46","0","190","4","0","1"
"570","9","24","21","4","89","3","1","4","54","1","12","0","7","0","1","7.15","56","52","35","1","143","6","0","0"
"571","9","17","17","5","66","3","1","5","43","1","13","0","5","0","2","7.6","47","63","42","1","152","6","0","1"
"572","9","9","19","7","83","2","0","1","37","1","17","1","1","0","2","7.55","43","68","40","0","151","3","0","0"
"573","12","29","17","3","31","5","1","8","58","0","8","0","2","1","1","5.357142857142857","18","44","38","1","100","10","0","0"
"574","7","25","22","3","44","2","1","4","54","0","7","0","1","0","1","5.50909090909091","24","46","31","0","101","5","0","1"
"575","5","15","18","3","45","3","0","4","38","0","8","1","2","0","2","6.95","41","55","43","2","139","5","0","0"
"576","5","11","19","3","67","3","0","4","35","1","10","0","2","0","2","7.11864406779661","37","66","37","1","140","5","0","1"
"577","4","8","18","4","92","2","3","1","30","2","17","0","5","0","2","9.3","76","77","33","0","186","4","0","1"
"578","5","18","17","9","49","3","0","4","40","0","15","1","5","0","3","8.65","57","68","48","0","173","5","0","0"
"579","7","22","12","10","60","5","2","4","41","1","16","0","1","0","2","7.05","37","48","56","0","141","6","0","0"
"580","0","17","13","12","82","3","0","3","30","1","19","0","3","0","2","9.391304347826086","10","73","61","0","144","4","0","1"
"581","11","13","20","4","75","4","2","3","44","1","11","0","8","0","2","7.9","36","89","33","1","158","5","0","0"
"582","14","13","14","7","49","3","1","1","41","0","14","3","6","0","3","8.218487394957984","31","79","53","1","163","6","0","1"
"583","14","17","19","6","41","4","1","4","50","0","10","4","2","0","1","6","28","50","42","1","120","9","0","1"
"584","6","28","21","5","44","3","2","2","55","0","12","0","1","0","1","5.95","43","39","37","1","119","6","0","0"
"585","8","13","15","6","45","3","2","4","36","0","9","0","4","0","3","8","36","68","56","2","160","6","0","1"
"586","6","19","12","6","80","3","2","1","37","1","14","2","3","0","2","7.5","48","55","47","0","150","5","0","0"
"587","12","19","12","6","66","3","1","3","43","1","10","0","4","0","2","7.5","29","53","68","3","150","5","0","1"
"588","11","20","12","5","42","3","1","5","43","0","12","1","4","0","2","7.15","34","64","45","0","143","8","0","0"
"589","8","23","11","10","48","5","0","6","42","0","18","0","6","0","4","8.85","51","62","64","1","177","6","0","1"
"590","10","23","20","3","38","3","5","3","53","0","13","0","3","0","1","6.7","37","64","33","1","134","8","0","0"
"591","8","18","16","4","40","5","3","4","42","0","13","1","8","0","3","8.65","50","71","52","3","173","8","0","0"
"592","11","12","19","7","75","4","4","3","42","2","21","1","5","0","2","8.7","43","85","46","1","174","8","0","1"
"593","5","19","15","6","72","2","1","0","39","1","15","1","9","0","3","9.05","64","71","46","1","181","2","0","0"
"594","2","21","14","6","76","3","2","2","37","1","17","0","9","0","2","9.823008849557523","72","67","46","1","185","5","0","1"
"595","10","20","15","5","38","6","1","3","45","0","13","3","4","1","2","7.65","45","58","50","2","153","9","0","0"
"596","8","14","13","8","58","3","1","3","35","1","15","0","1","0","3","8.176991150442479","26","68","60","1","154","4","0","1"
"597","6","17","15","2","31","4","2","2","38","0","5","1","2","0","1","6.25","34","56","35","0","125","6","0","0"
"598","1","17","17","6","90","2","0","3","35","1","13","0","4","0","1","7.714285714285714","14","63","49","2","126","3","0","1"
